[2024-10-08T21:11:07.600] [INFO] default - { name: 'Remera', price: 15000, description: 'Remera de algodon' }
[2024-10-08T21:11:17.363] [INFO] default - { name: 'Remera', price: 15000, description: 'Remera de algodon' }
[2024-10-08T21:12:40.076] [INFO] default - {
  name: 'Remera',
  price: 15000,
  description: 'Remera de algodon',
  color: '',
  size: '',
  active: false,
  inStock: 0,
  mainPicture: '',
  galery: [],
  _id: new ObjectId('6705ca789c8341caf710eb86')
}
[2024-10-09T19:21:43.673] [ERROR] default - Error: product validation failed: size: `` is not a valid enum value for path `size`.
    at ValidationError.inspect (C:\Users\patob\OneDrive\Documentos\GitHub\BackEnd-Vixus\node_modules\mongoose\lib\error\validation.js:50:26)
    at formatValue (node:internal/util/inspect:805:19)
    at inspect (node:internal/util/inspect:364:10)
    at formatWithOptionsInternal (node:internal/util/inspect:2298:40)
    at Object.format (node:internal/util/inspect:2155:10)
    at basicLayout (C:\Users\patob\OneDrive\Documentos\GitHub\BackEnd-Vixus\node_modules\log4js\lib\layouts.js:65:52)
    at app (C:\Users\patob\OneDrive\Documentos\GitHub\BackEnd-Vixus\node_modules\log4js\lib\appenders\file.js:98:23)
    at C:\Users\patob\OneDrive\Documentos\GitHub\BackEnd-Vixus\node_modules\log4js\lib\log4js.js:43:5
    at Array.forEach (<anonymous>)
    at sendLogEventToAppender (C:\Users\patob\OneDrive\Documentos\GitHub\BackEnd-Vixus\node_modules\log4js\lib\log4js.js:42:21) {
  errors: {
    size: ValidatorError: `` is not a valid enum value for path `size`.
        at validate (C:\Users\patob\OneDrive\Documentos\GitHub\BackEnd-Vixus\node_modules\mongoose\lib\schemaType.js:1385:13)
        at SchemaType.doValidate (C:\Users\patob\OneDrive\Documentos\GitHub\BackEnd-Vixus\node_modules\mongoose\lib\schemaType.js:1369:7)
        at C:\Users\patob\OneDrive\Documentos\GitHub\BackEnd-Vixus\node_modules\mongoose\lib\document.js:3065:18
        at process.processTicksAndRejections (node:internal/process/task_queues:77:11) {
      properties: [Object],
      kind: 'enum',
      path: 'size',
      value: '',
      reason: undefined,
      [Symbol(mongoose#validatorError)]: true
    }
  },
  _message: 'product validation failed'
}
[2024-10-09T20:35:48.938] [ERROR] default - Error: product validation failed: size: `` is not a valid enum value for path `size`.
    at ValidationError.inspect (C:\Users\patob\OneDrive\Documentos\GitHub\BackEnd-Vixus\node_modules\mongoose\lib\error\validation.js:50:26)
    at formatValue (node:internal/util/inspect:805:19)
    at inspect (node:internal/util/inspect:364:10)
    at formatWithOptionsInternal (node:internal/util/inspect:2298:40)
    at Object.format (node:internal/util/inspect:2155:10)
    at basicLayout (C:\Users\patob\OneDrive\Documentos\GitHub\BackEnd-Vixus\node_modules\log4js\lib\layouts.js:65:52)
    at app (C:\Users\patob\OneDrive\Documentos\GitHub\BackEnd-Vixus\node_modules\log4js\lib\appenders\file.js:98:23)
    at C:\Users\patob\OneDrive\Documentos\GitHub\BackEnd-Vixus\node_modules\log4js\lib\log4js.js:43:5
    at Array.forEach (<anonymous>)
    at sendLogEventToAppender (C:\Users\patob\OneDrive\Documentos\GitHub\BackEnd-Vixus\node_modules\log4js\lib\log4js.js:42:21) {
  errors: {
    size: ValidatorError: `` is not a valid enum value for path `size`.
        at validate (C:\Users\patob\OneDrive\Documentos\GitHub\BackEnd-Vixus\node_modules\mongoose\lib\schemaType.js:1385:13)
        at SchemaType.doValidate (C:\Users\patob\OneDrive\Documentos\GitHub\BackEnd-Vixus\node_modules\mongoose\lib\schemaType.js:1369:7)
        at C:\Users\patob\OneDrive\Documentos\GitHub\BackEnd-Vixus\node_modules\mongoose\lib\document.js:3065:18
        at process.processTicksAndRejections (node:internal/process/task_queues:77:11) {
      properties: [Object],
      kind: 'enum',
      path: 'size',
      value: '',
      reason: undefined,
      [Symbol(mongoose#validatorError)]: true
    }
  },
  _message: 'product validation failed'
}
[2024-10-09T20:42:15.006] [ERROR] default - Error: product validation failed: size: `` is not a valid enum value for path `size`.
    at ValidationError.inspect (C:\Users\patob\OneDrive\Documentos\GitHub\BackEnd-Vixus\node_modules\mongoose\lib\error\validation.js:50:26)
    at formatValue (node:internal/util/inspect:805:19)
    at inspect (node:internal/util/inspect:364:10)
    at formatWithOptionsInternal (node:internal/util/inspect:2298:40)
    at Object.format (node:internal/util/inspect:2155:10)
    at basicLayout (C:\Users\patob\OneDrive\Documentos\GitHub\BackEnd-Vixus\node_modules\log4js\lib\layouts.js:65:52)
    at app (C:\Users\patob\OneDrive\Documentos\GitHub\BackEnd-Vixus\node_modules\log4js\lib\appenders\file.js:98:23)
    at C:\Users\patob\OneDrive\Documentos\GitHub\BackEnd-Vixus\node_modules\log4js\lib\log4js.js:43:5
    at Array.forEach (<anonymous>)
    at sendLogEventToAppender (C:\Users\patob\OneDrive\Documentos\GitHub\BackEnd-Vixus\node_modules\log4js\lib\log4js.js:42:21) {
  errors: {
    size: ValidatorError: `` is not a valid enum value for path `size`.
        at validate (C:\Users\patob\OneDrive\Documentos\GitHub\BackEnd-Vixus\node_modules\mongoose\lib\schemaType.js:1385:13)
        at SchemaType.doValidate (C:\Users\patob\OneDrive\Documentos\GitHub\BackEnd-Vixus\node_modules\mongoose\lib\schemaType.js:1369:7)
        at C:\Users\patob\OneDrive\Documentos\GitHub\BackEnd-Vixus\node_modules\mongoose\lib\document.js:3065:18
        at process.processTicksAndRejections (node:internal/process/task_queues:77:11) {
      properties: [Object],
      kind: 'enum',
      path: 'size',
      value: '',
      reason: undefined,
      [Symbol(mongoose#validatorError)]: true
    }
  },
  _message: 'product validation failed'
}
[2024-10-09T20:58:05.629] [INFO] default - {
  _id: new ObjectId('6707155db1f9307bacc293a2'),
  name: 'Remera',
  price: 15000,
  description: 'Remera de algodon',
  color: '',
  size: '',
  active: false,
  inStock: 0,
  mainPicture: '',
  galery: [],
  __v: 0
}
[2024-10-09T20:58:20.178] [INFO] default - {
  _id: new ObjectId('6707155db1f9307bacc293a2'),
  name: 'Remera',
  price: 15000,
  description: 'Remera de algodon',
  color: '',
  size: '',
  active: false,
  inStock: 0,
  mainPicture: '',
  galery: [],
  __v: 0
}
[2024-10-09T20:58:56.836] [INFO] default - Promise { <pending> }
[2024-10-09T20:58:56.938] [INFO] default - {
  _id: new ObjectId('6707155db1f9307bacc293a2'),
  name: 'Remera',
  price: 15000,
  description: 'Remera de algodon',
  color: '',
  size: '',
  active: false,
  inStock: 0,
  mainPicture: '',
  galery: [],
  __v: 0
}
[2024-10-09T20:59:20.009] [INFO] default - {
  _id: new ObjectId('6707155db1f9307bacc293a2'),
  name: 'Remera',
  price: 15000,
  description: 'Remera de algodon',
  color: '',
  size: '',
  active: false,
  inStock: 0,
  mainPicture: '',
  galery: [],
  __v: 0
}
[2024-10-09T20:59:20.017] [INFO] default - undefined
[2024-10-09T21:18:41.135] [INFO] default - { msg: 'Producto activado con exito' }
[2024-10-10T11:48:23.708] [INFO] default - null
[2024-10-10T12:19:17.207] [INFO] default - {
  _id: new ObjectId('6707e937046b6ed2f2fe79e3'),
  firstName: 'Patricio',
  lastName: 'Sirena',
  email: 'pato@gmail.com',
  password: '$2b$10$0hAvMJWBv7M8ogAsEOpIsuH5pqiQDU7H4pRfL4F6UlUC2txZgR24q',
  phone: 1234,
  profilePicture: '',
  passwordToken: null,
  active: true,
  role: 'user',
  cartId: '6707e937046b6ed2f2fe79e4',
  favoriteId: '6707e937046b6ed2f2fe79e5',
  __v: 0
}
[2024-10-10T12:24:56.654] [INFO] default - {
  _id: new ObjectId('6707e937046b6ed2f2fe79e3'),
  firstName: 'Patricio',
  lastName: 'Sirena',
  email: 'pato@gmail.com',
  password: '$2b$10$0hAvMJWBv7M8ogAsEOpIsuH5pqiQDU7H4pRfL4F6UlUC2txZgR24q',
  phone: 1234,
  profilePicture: '',
  passwordToken: null,
  active: true,
  role: 'user',
  cartId: '6707e937046b6ed2f2fe79e4',
  favoriteId: '6707e937046b6ed2f2fe79e5',
  __v: 0
}
[2024-10-10T12:25:04.652] [INFO] default - null
[2024-10-10T12:51:52.289] [INFO] default - Promise { <pending> }
[2024-10-10T12:52:13.096] [INFO] default - { msg: 'Usuario desactivado' }
[2024-10-10T12:52:31.021] [INFO] default - { msg: 'Usuario activado' }
[2024-10-11T18:11:55.191] [ERROR] default - MongoServerError: E11000 duplicate key error collection: test.users index: userName_1 dup key: { userName: null }
    at InsertOneOperation.execute (C:\Users\patob\OneDrive\Documentos\GitHub\BackEnd-Vixus\node_modules\mongodb\lib\operations\insert.js:51:19)
    at process.processTicksAndRejections (node:internal/process/task_queues:95:5)
    at async executeOperation (C:\Users\patob\OneDrive\Documentos\GitHub\BackEnd-Vixus\node_modules\mongodb\lib\operations\execute_operation.js:136:16)
    at async Collection.insertOne (C:\Users\patob\OneDrive\Documentos\GitHub\BackEnd-Vixus\node_modules\mongodb\lib\collection.js:154:16) {
  errorResponse: {
    index: 0,
    code: 11000,
    errmsg: 'E11000 duplicate key error collection: test.users index: userName_1 dup key: { userName: null }',
    keyPattern: { userName: 1 },
    keyValue: { userName: null }
  },
  index: 0,
  code: 11000,
  keyPattern: { userName: 1 },
  keyValue: { userName: null },
  [Symbol(errorLabels)]: Set(0) {}
}
[2024-10-11T18:12:25.401] [ERROR] default - MongoServerError: E11000 duplicate key error collection: test.users index: userName_1 dup key: { userName: null }
    at InsertOneOperation.execute (C:\Users\patob\OneDrive\Documentos\GitHub\BackEnd-Vixus\node_modules\mongodb\lib\operations\insert.js:51:19)
    at process.processTicksAndRejections (node:internal/process/task_queues:95:5)
    at async executeOperation (C:\Users\patob\OneDrive\Documentos\GitHub\BackEnd-Vixus\node_modules\mongodb\lib\operations\execute_operation.js:136:16)
    at async Collection.insertOne (C:\Users\patob\OneDrive\Documentos\GitHub\BackEnd-Vixus\node_modules\mongodb\lib\collection.js:154:16) {
  errorResponse: {
    index: 0,
    code: 11000,
    errmsg: 'E11000 duplicate key error collection: test.users index: userName_1 dup key: { userName: null }',
    keyPattern: { userName: 1 },
    keyValue: { userName: null }
  },
  index: 0,
  code: 11000,
  keyPattern: { userName: 1 },
  keyValue: { userName: null },
  [Symbol(errorLabels)]: Set(0) {}
}
[2024-10-11T18:12:30.118] [ERROR] default - MongoServerError: E11000 duplicate key error collection: test.users index: userName_1 dup key: { userName: null }
    at InsertOneOperation.execute (C:\Users\patob\OneDrive\Documentos\GitHub\BackEnd-Vixus\node_modules\mongodb\lib\operations\insert.js:51:19)
    at process.processTicksAndRejections (node:internal/process/task_queues:95:5)
    at async executeOperation (C:\Users\patob\OneDrive\Documentos\GitHub\BackEnd-Vixus\node_modules\mongodb\lib\operations\execute_operation.js:136:16)
    at async Collection.insertOne (C:\Users\patob\OneDrive\Documentos\GitHub\BackEnd-Vixus\node_modules\mongodb\lib\collection.js:154:16) {
  errorResponse: {
    index: 0,
    code: 11000,
    errmsg: 'E11000 duplicate key error collection: test.users index: userName_1 dup key: { userName: null }',
    keyPattern: { userName: 1 },
    keyValue: { userName: null }
  },
  index: 0,
  code: 11000,
  keyPattern: { userName: 1 },
  keyValue: { userName: null },
  [Symbol(errorLabels)]: Set(0) {}
}
[2024-10-11T18:45:36.657] [INFO] default - { id: '670995622e2db3e7509113c4', role: 'user', iat: 1728683038 }
[2024-10-11T18:49:00.797] [INFO] default - undefined
[2024-10-11T18:55:17.315] [ERROR] default - TypeError: Cannot read properties of undefined (reading '_id')
    at C:\Users\patob\OneDrive\Documentos\GitHub\BackEnd-Vixus\services\products.services.js:51:74
    at Proxy.find (<anonymous>)
    at Object.addProductToCart (C:\Users\patob\OneDrive\Documentos\GitHub\BackEnd-Vixus\services\products.services.js:51:49)
    at process.processTicksAndRejections (node:internal/process/task_queues:95:5)
    at async addToCart (C:\Users\patob\OneDrive\Documentos\GitHub\BackEnd-Vixus\controllers\products.controllers.js:44:24)
[2024-10-11T19:02:24.770] [INFO] default - {
  quantity: 1,
  product: {
    _id: new ObjectId('670718fc19d4417be7646478'),
    name: 'Remera',
    price: 15000,
    description: 'Remera de algodon',
    color: '',
    size: '',
    active: true,
    inStock: 0,
    mainPicture: '',
    galery: [],
    __v: 0
  }
}
[2024-10-11T19:05:35.038] [INFO] default - undefined
[2024-10-11T19:07:28.030] [INFO] default - undefined
[2024-10-11T19:07:28.036] [INFO] default - {
  _id: new ObjectId('670995622e2db3e7509113c5'),
  userId: '670995622e2db3e7509113c4',
  products: [ { quantity: 1, product: [Object] } ],
  __v: 1
}
[2024-10-11T19:08:43.309] [INFO] default - undefined
[2024-10-11T19:09:43.317] [INFO] default - {
  quantity: 1,
  product: {
    _id: new ObjectId('670718fc19d4417be7646478'),
    name: 'Remera',
    price: 15000,
    description: 'Remera de algodon',
    color: '',
    size: '',
    active: true,
    inStock: 0,
    mainPicture: '',
    galery: [],
    __v: 0
  }
}
[2024-10-11T21:25:28.719] [INFO] default - {
  quantity: 1,
  product: {
    _id: new ObjectId('670718fc19d4417be7646478'),
    name: 'Remera',
    price: 15000,
    description: 'Remera de algodon',
    color: '',
    size: '',
    active: true,
    inStock: 0,
    mainPicture: '',
    galery: [],
    __v: 0
  }
}
[2024-10-11T21:26:43.970] [INFO] default - {
  quantity: 1,
  product: {
    _id: new ObjectId('670718fc19d4417be7646478'),
    name: 'Remera',
    price: 15000,
    description: 'Remera de algodon',
    color: '',
    size: '',
    active: true,
    inStock: 0,
    mainPicture: '',
    galery: [],
    __v: 0
  }
}
[2024-10-11T21:26:47.714] [INFO] default - {
  quantity: 1,
  product: {
    _id: new ObjectId('670718fc19d4417be7646478'),
    name: 'Remera',
    price: 15000,
    description: 'Remera de algodon',
    color: '',
    size: '',
    active: true,
    inStock: 0,
    mainPicture: '',
    galery: [],
    __v: 0
  }
}
[2024-10-11T21:27:26.060] [INFO] default - {
  quantity: 1,
  product: {
    _id: new ObjectId('670718fc19d4417be7646478'),
    name: 'Remera',
    price: 15000,
    description: 'Remera de algodon',
    color: '',
    size: '',
    active: true,
    inStock: 0,
    mainPicture: '',
    galery: [],
    __v: 0
  }
}
[2024-10-11T21:27:28.928] [INFO] default - {
  quantity: 1,
  product: {
    _id: new ObjectId('670718fc19d4417be7646478'),
    name: 'Remera',
    price: 15000,
    description: 'Remera de algodon',
    color: '',
    size: '',
    active: true,
    inStock: 0,
    mainPicture: '',
    galery: [],
    __v: 0
  }
}
[2024-10-11T21:27:32.363] [INFO] default - {
  quantity: 1,
  product: {
    _id: new ObjectId('670718fc19d4417be7646478'),
    name: 'Remera',
    price: 15000,
    description: 'Remera de algodon',
    color: '',
    size: '',
    active: true,
    inStock: 0,
    mainPicture: '',
    galery: [],
    __v: 0
  }
}
[2024-10-11T21:28:25.243] [INFO] default - {
  quantity: 1,
  product: {
    _id: new ObjectId('670718fc19d4417be7646478'),
    name: 'Remera',
    price: 15000,
    description: 'Remera de algodon',
    color: '',
    size: '',
    active: true,
    inStock: 0,
    mainPicture: '',
    galery: [],
    __v: 0
  }
}
[2024-10-11T21:28:27.848] [INFO] default - {
  quantity: 1,
  product: {
    _id: new ObjectId('670718fc19d4417be7646478'),
    name: 'Remera',
    price: 15000,
    description: 'Remera de algodon',
    color: '',
    size: '',
    active: true,
    inStock: 0,
    mainPicture: '',
    galery: [],
    __v: 0
  }
}
[2024-10-11T21:29:15.271] [INFO] default - {
  quantity: 1,
  product: {
    _id: new ObjectId('670718fc19d4417be7646478'),
    name: 'Remera',
    price: 15000,
    description: 'Remera de algodon',
    color: '',
    size: '',
    active: true,
    inStock: 0,
    mainPicture: '',
    galery: [],
    __v: 0
  }
}
[2024-10-11T21:29:15.277] [INFO] default - 0
[2024-10-12T22:22:16.240] [ERROR] default - CastError: Cast to ObjectId failed for value "670a8e74a2778dcd35e948dr" (type string) at path "_id" for model "product"
    at SchemaObjectId.cast (C:\Users\patob\OneDrive\Documentos\GitHub\BackEnd-Vixus\node_modules\mongoose\lib\schema\objectId.js:250:11)
    at SchemaType.applySetters (C:\Users\patob\OneDrive\Documentos\GitHub\BackEnd-Vixus\node_modules\mongoose\lib\schemaType.js:1236:12)
    at SchemaType.castForQuery (C:\Users\patob\OneDrive\Documentos\GitHub\BackEnd-Vixus\node_modules\mongoose\lib\schemaType.js:1653:17)
    at cast (C:\Users\patob\OneDrive\Documentos\GitHub\BackEnd-Vixus\node_modules\mongoose\lib\cast.js:379:32)
    at Query.cast (C:\Users\patob\OneDrive\Documentos\GitHub\BackEnd-Vixus\node_modules\mongoose\lib\query.js:4868:12)
    at Query._castConditions (C:\Users\patob\OneDrive\Documentos\GitHub\BackEnd-Vixus\node_modules\mongoose\lib\query.js:2265:10)
    at model.Query._findOne (C:\Users\patob\OneDrive\Documentos\GitHub\BackEnd-Vixus\node_modules\mongoose\lib\query.js:2589:8)
    at model.Query.exec (C:\Users\patob\OneDrive\Documentos\GitHub\BackEnd-Vixus\node_modules\mongoose\lib\query.js:4412:80)
    at process.processTicksAndRejections (node:internal/process/task_queues:95:5)
    at async Object.deleteProductFromFavorite (C:\Users\patob\OneDrive\Documentos\GitHub\BackEnd-Vixus\services\products.services.js:120:25) {
  stringValue: '"670a8e74a2778dcd35e948dr"',
  messageFormat: undefined,
  kind: 'ObjectId',
  value: '670a8e74a2778dcd35e948dr',
  path: '_id',
  reason: BSONError: input must be a 24 character hex string, 12 byte Uint8Array, or an integer
      at new ObjectId (C:\Users\patob\OneDrive\Documentos\GitHub\BackEnd-Vixus\node_modules\bson\lib\bson.cjs:2362:23)
      at castObjectId (C:\Users\patob\OneDrive\Documentos\GitHub\BackEnd-Vixus\node_modules\mongoose\lib\cast\objectid.js:25:12)
      at SchemaObjectId.cast (C:\Users\patob\OneDrive\Documentos\GitHub\BackEnd-Vixus\node_modules\mongoose\lib\schema\objectId.js:248:12)
      at SchemaType.applySetters (C:\Users\patob\OneDrive\Documentos\GitHub\BackEnd-Vixus\node_modules\mongoose\lib\schemaType.js:1236:12)
      at SchemaType.castForQuery (C:\Users\patob\OneDrive\Documentos\GitHub\BackEnd-Vixus\node_modules\mongoose\lib\schemaType.js:1653:17)
      at cast (C:\Users\patob\OneDrive\Documentos\GitHub\BackEnd-Vixus\node_modules\mongoose\lib\cast.js:379:32)
      at Query.cast (C:\Users\patob\OneDrive\Documentos\GitHub\BackEnd-Vixus\node_modules\mongoose\lib\query.js:4868:12)
      at Query._castConditions (C:\Users\patob\OneDrive\Documentos\GitHub\BackEnd-Vixus\node_modules\mongoose\lib\query.js:2265:10)
      at model.Query._findOne (C:\Users\patob\OneDrive\Documentos\GitHub\BackEnd-Vixus\node_modules\mongoose\lib\query.js:2589:8)
      at model.Query.exec (C:\Users\patob\OneDrive\Documentos\GitHub\BackEnd-Vixus\node_modules\mongoose\lib\query.js:4412:80),
  valueType: 'string'
}
[2024-10-12T22:23:02.126] [ERROR] default - ReferenceError: cart is not defined
    at Object.deleteProductFromFavorite (C:\Users\patob\OneDrive\Documentos\GitHub\BackEnd-Vixus\services\products.services.js:132:17)
    at process.processTicksAndRejections (node:internal/process/task_queues:95:5)
    at async delFromFavorite (C:\Users\patob\OneDrive\Documentos\GitHub\BackEnd-Vixus\controllers\products.controllers.js:89:24)
[2024-10-12T22:23:52.746] [ERROR] default - CastError: Cast to ObjectId failed for value "670a8e74a2778dcd35e948dr" (type string) at path "_id" for model "product"
    at SchemaObjectId.cast (C:\Users\patob\OneDrive\Documentos\GitHub\BackEnd-Vixus\node_modules\mongoose\lib\schema\objectId.js:250:11)
    at SchemaType.applySetters (C:\Users\patob\OneDrive\Documentos\GitHub\BackEnd-Vixus\node_modules\mongoose\lib\schemaType.js:1236:12)
    at SchemaType.castForQuery (C:\Users\patob\OneDrive\Documentos\GitHub\BackEnd-Vixus\node_modules\mongoose\lib\schemaType.js:1653:17)
    at cast (C:\Users\patob\OneDrive\Documentos\GitHub\BackEnd-Vixus\node_modules\mongoose\lib\cast.js:379:32)
    at Query.cast (C:\Users\patob\OneDrive\Documentos\GitHub\BackEnd-Vixus\node_modules\mongoose\lib\query.js:4868:12)
    at Query._castConditions (C:\Users\patob\OneDrive\Documentos\GitHub\BackEnd-Vixus\node_modules\mongoose\lib\query.js:2265:10)
    at model.Query._findOne (C:\Users\patob\OneDrive\Documentos\GitHub\BackEnd-Vixus\node_modules\mongoose\lib\query.js:2589:8)
    at model.Query.exec (C:\Users\patob\OneDrive\Documentos\GitHub\BackEnd-Vixus\node_modules\mongoose\lib\query.js:4412:80)
    at process.processTicksAndRejections (node:internal/process/task_queues:95:5)
    at async Object.deleteProductFromFavorite (C:\Users\patob\OneDrive\Documentos\GitHub\BackEnd-Vixus\services\products.services.js:120:25) {
  stringValue: '"670a8e74a2778dcd35e948dr"',
  messageFormat: undefined,
  kind: 'ObjectId',
  value: '670a8e74a2778dcd35e948dr',
  path: '_id',
  reason: BSONError: input must be a 24 character hex string, 12 byte Uint8Array, or an integer
      at new ObjectId (C:\Users\patob\OneDrive\Documentos\GitHub\BackEnd-Vixus\node_modules\bson\lib\bson.cjs:2362:23)
      at castObjectId (C:\Users\patob\OneDrive\Documentos\GitHub\BackEnd-Vixus\node_modules\mongoose\lib\cast\objectid.js:25:12)
      at SchemaObjectId.cast (C:\Users\patob\OneDrive\Documentos\GitHub\BackEnd-Vixus\node_modules\mongoose\lib\schema\objectId.js:248:12)
      at SchemaType.applySetters (C:\Users\patob\OneDrive\Documentos\GitHub\BackEnd-Vixus\node_modules\mongoose\lib\schemaType.js:1236:12)
      at SchemaType.castForQuery (C:\Users\patob\OneDrive\Documentos\GitHub\BackEnd-Vixus\node_modules\mongoose\lib\schemaType.js:1653:17)
      at cast (C:\Users\patob\OneDrive\Documentos\GitHub\BackEnd-Vixus\node_modules\mongoose\lib\cast.js:379:32)
      at Query.cast (C:\Users\patob\OneDrive\Documentos\GitHub\BackEnd-Vixus\node_modules\mongoose\lib\query.js:4868:12)
      at Query._castConditions (C:\Users\patob\OneDrive\Documentos\GitHub\BackEnd-Vixus\node_modules\mongoose\lib\query.js:2265:10)
      at model.Query._findOne (C:\Users\patob\OneDrive\Documentos\GitHub\BackEnd-Vixus\node_modules\mongoose\lib\query.js:2589:8)
      at model.Query.exec (C:\Users\patob\OneDrive\Documentos\GitHub\BackEnd-Vixus\node_modules\mongoose\lib\query.js:4412:80),
  valueType: 'string'
}
[2024-10-13T18:05:13.938] [INFO] default - null
[2024-10-13T18:07:21.287] [INFO] default - {
  _id: new ObjectId('670718fc19d4417be7646478'),
  name: 'Remera',
  price: 15000,
  description: 'Remera de algodon',
  color: '',
  size: '',
  active: true,
  inStock: 0,
  mainPicture: '',
  galery: [],
  __v: 0
}
[2024-10-13T18:08:17.758] [INFO] default - {
  _id: new ObjectId('670718fc19d4417be7646478'),
  name: 'Remera',
  price: 16000,
  description: 'Remera de algodon',
  color: 'Negra',
  size: '',
  active: true,
  inStock: 0,
  mainPicture: '',
  galery: [],
  __v: 0
}
[2024-10-13T18:10:28.517] [INFO] default - {
  _id: new ObjectId('670718fc19d4417be7646478'),
  name: 'Remera',
  price: 16000,
  description: 'Remera de algodon',
  color: 'Negra',
  size: '',
  active: true,
  inStock: 0,
  mainPicture: '',
  galery: [],
  __v: 0
}
[2024-10-13T19:05:03.426] [INFO] default - null
[2024-10-13T20:10:39.887] [ERROR] default - CastError: Cast to ObjectId failed for value "{ _id: 'getCart' }" (type Object) at path "_id" for model "product"
    at SchemaObjectId.cast (C:\Users\patob\OneDrive\Documentos\GitHub\BackEnd-Vixus\node_modules\mongoose\lib\schema\objectId.js:250:11)
    at SchemaType.applySetters (C:\Users\patob\OneDrive\Documentos\GitHub\BackEnd-Vixus\node_modules\mongoose\lib\schemaType.js:1236:12)
    at SchemaType.castForQuery (C:\Users\patob\OneDrive\Documentos\GitHub\BackEnd-Vixus\node_modules\mongoose\lib\schemaType.js:1653:17)
    at cast (C:\Users\patob\OneDrive\Documentos\GitHub\BackEnd-Vixus\node_modules\mongoose\lib\cast.js:308:34)
    at Query.cast (C:\Users\patob\OneDrive\Documentos\GitHub\BackEnd-Vixus\node_modules\mongoose\lib\query.js:4868:12)
    at Query._castConditions (C:\Users\patob\OneDrive\Documentos\GitHub\BackEnd-Vixus\node_modules\mongoose\lib\query.js:2265:10)
    at model.Query._findOne (C:\Users\patob\OneDrive\Documentos\GitHub\BackEnd-Vixus\node_modules\mongoose\lib\query.js:2589:8)
    at model.Query.exec (C:\Users\patob\OneDrive\Documentos\GitHub\BackEnd-Vixus\node_modules\mongoose\lib\query.js:4412:80)
    at process.processTicksAndRejections (node:internal/process/task_queues:95:5)
    at async Object.getOneProduct (C:\Users\patob\OneDrive\Documentos\GitHub\BackEnd-Vixus\services\products.services.js:152:25) {
  stringValue: `"{ _id: 'getCart' }"`,
  messageFormat: undefined,
  kind: 'ObjectId',
  value: { _id: 'getCart' },
  path: '_id',
  reason: BSONError: input must be a 24 character hex string, 12 byte Uint8Array, or an integer
      at new ObjectId (C:\Users\patob\OneDrive\Documentos\GitHub\BackEnd-Vixus\node_modules\bson\lib\bson.cjs:2362:23)
      at castObjectId (C:\Users\patob\OneDrive\Documentos\GitHub\BackEnd-Vixus\node_modules\mongoose\lib\cast\objectid.js:20:14)
      at SchemaObjectId.cast (C:\Users\patob\OneDrive\Documentos\GitHub\BackEnd-Vixus\node_modules\mongoose\lib\schema\objectId.js:248:12)
      at SchemaType.applySetters (C:\Users\patob\OneDrive\Documentos\GitHub\BackEnd-Vixus\node_modules\mongoose\lib\schemaType.js:1236:12)
      at SchemaType.castForQuery (C:\Users\patob\OneDrive\Documentos\GitHub\BackEnd-Vixus\node_modules\mongoose\lib\schemaType.js:1653:17)
      at cast (C:\Users\patob\OneDrive\Documentos\GitHub\BackEnd-Vixus\node_modules\mongoose\lib\cast.js:308:34)
      at Query.cast (C:\Users\patob\OneDrive\Documentos\GitHub\BackEnd-Vixus\node_modules\mongoose\lib\query.js:4868:12)
      at Query._castConditions (C:\Users\patob\OneDrive\Documentos\GitHub\BackEnd-Vixus\node_modules\mongoose\lib\query.js:2265:10)
      at model.Query._findOne (C:\Users\patob\OneDrive\Documentos\GitHub\BackEnd-Vixus\node_modules\mongoose\lib\query.js:2589:8)
      at model.Query.exec (C:\Users\patob\OneDrive\Documentos\GitHub\BackEnd-Vixus\node_modules\mongoose\lib\query.js:4412:80),
  valueType: 'Object'
}
[2024-10-13T20:11:41.056] [ERROR] default - CastError: Cast to ObjectId failed for value "{ _id: 'getCart' }" (type Object) at path "_id" for model "product"
    at SchemaObjectId.cast (C:\Users\patob\OneDrive\Documentos\GitHub\BackEnd-Vixus\node_modules\mongoose\lib\schema\objectId.js:250:11)
    at SchemaType.applySetters (C:\Users\patob\OneDrive\Documentos\GitHub\BackEnd-Vixus\node_modules\mongoose\lib\schemaType.js:1236:12)
    at SchemaType.castForQuery (C:\Users\patob\OneDrive\Documentos\GitHub\BackEnd-Vixus\node_modules\mongoose\lib\schemaType.js:1653:17)
    at cast (C:\Users\patob\OneDrive\Documentos\GitHub\BackEnd-Vixus\node_modules\mongoose\lib\cast.js:308:34)
    at Query.cast (C:\Users\patob\OneDrive\Documentos\GitHub\BackEnd-Vixus\node_modules\mongoose\lib\query.js:4868:12)
    at Query._castConditions (C:\Users\patob\OneDrive\Documentos\GitHub\BackEnd-Vixus\node_modules\mongoose\lib\query.js:2265:10)
    at model.Query._findOne (C:\Users\patob\OneDrive\Documentos\GitHub\BackEnd-Vixus\node_modules\mongoose\lib\query.js:2589:8)
    at model.Query.exec (C:\Users\patob\OneDrive\Documentos\GitHub\BackEnd-Vixus\node_modules\mongoose\lib\query.js:4412:80)
    at process.processTicksAndRejections (node:internal/process/task_queues:95:5)
    at async Object.getOneProduct (C:\Users\patob\OneDrive\Documentos\GitHub\BackEnd-Vixus\services\products.services.js:152:25) {
  stringValue: `"{ _id: 'getCart' }"`,
  messageFormat: undefined,
  kind: 'ObjectId',
  value: { _id: 'getCart' },
  path: '_id',
  reason: BSONError: input must be a 24 character hex string, 12 byte Uint8Array, or an integer
      at new ObjectId (C:\Users\patob\OneDrive\Documentos\GitHub\BackEnd-Vixus\node_modules\bson\lib\bson.cjs:2362:23)
      at castObjectId (C:\Users\patob\OneDrive\Documentos\GitHub\BackEnd-Vixus\node_modules\mongoose\lib\cast\objectid.js:20:14)
      at SchemaObjectId.cast (C:\Users\patob\OneDrive\Documentos\GitHub\BackEnd-Vixus\node_modules\mongoose\lib\schema\objectId.js:248:12)
      at SchemaType.applySetters (C:\Users\patob\OneDrive\Documentos\GitHub\BackEnd-Vixus\node_modules\mongoose\lib\schemaType.js:1236:12)
      at SchemaType.castForQuery (C:\Users\patob\OneDrive\Documentos\GitHub\BackEnd-Vixus\node_modules\mongoose\lib\schemaType.js:1653:17)
      at cast (C:\Users\patob\OneDrive\Documentos\GitHub\BackEnd-Vixus\node_modules\mongoose\lib\cast.js:308:34)
      at Query.cast (C:\Users\patob\OneDrive\Documentos\GitHub\BackEnd-Vixus\node_modules\mongoose\lib\query.js:4868:12)
      at Query._castConditions (C:\Users\patob\OneDrive\Documentos\GitHub\BackEnd-Vixus\node_modules\mongoose\lib\query.js:2265:10)
      at model.Query._findOne (C:\Users\patob\OneDrive\Documentos\GitHub\BackEnd-Vixus\node_modules\mongoose\lib\query.js:2589:8)
      at model.Query.exec (C:\Users\patob\OneDrive\Documentos\GitHub\BackEnd-Vixus\node_modules\mongoose\lib\query.js:4412:80),
  valueType: 'Object'
}
[2024-10-13T20:12:36.915] [ERROR] default - CastError: Cast to ObjectId failed for value "{ _id: 'getCart' }" (type Object) at path "_id" for model "product"
    at SchemaObjectId.cast (C:\Users\patob\OneDrive\Documentos\GitHub\BackEnd-Vixus\node_modules\mongoose\lib\schema\objectId.js:250:11)
    at SchemaType.applySetters (C:\Users\patob\OneDrive\Documentos\GitHub\BackEnd-Vixus\node_modules\mongoose\lib\schemaType.js:1236:12)
    at SchemaType.castForQuery (C:\Users\patob\OneDrive\Documentos\GitHub\BackEnd-Vixus\node_modules\mongoose\lib\schemaType.js:1653:17)
    at cast (C:\Users\patob\OneDrive\Documentos\GitHub\BackEnd-Vixus\node_modules\mongoose\lib\cast.js:308:34)
    at Query.cast (C:\Users\patob\OneDrive\Documentos\GitHub\BackEnd-Vixus\node_modules\mongoose\lib\query.js:4868:12)
    at Query._castConditions (C:\Users\patob\OneDrive\Documentos\GitHub\BackEnd-Vixus\node_modules\mongoose\lib\query.js:2265:10)
    at model.Query._findOne (C:\Users\patob\OneDrive\Documentos\GitHub\BackEnd-Vixus\node_modules\mongoose\lib\query.js:2589:8)
    at model.Query.exec (C:\Users\patob\OneDrive\Documentos\GitHub\BackEnd-Vixus\node_modules\mongoose\lib\query.js:4412:80)
    at process.processTicksAndRejections (node:internal/process/task_queues:95:5)
    at async Object.getOneProduct (C:\Users\patob\OneDrive\Documentos\GitHub\BackEnd-Vixus\services\products.services.js:152:25) {
  stringValue: `"{ _id: 'getCart' }"`,
  messageFormat: undefined,
  kind: 'ObjectId',
  value: { _id: 'getCart' },
  path: '_id',
  reason: BSONError: input must be a 24 character hex string, 12 byte Uint8Array, or an integer
      at new ObjectId (C:\Users\patob\OneDrive\Documentos\GitHub\BackEnd-Vixus\node_modules\bson\lib\bson.cjs:2362:23)
      at castObjectId (C:\Users\patob\OneDrive\Documentos\GitHub\BackEnd-Vixus\node_modules\mongoose\lib\cast\objectid.js:20:14)
      at SchemaObjectId.cast (C:\Users\patob\OneDrive\Documentos\GitHub\BackEnd-Vixus\node_modules\mongoose\lib\schema\objectId.js:248:12)
      at SchemaType.applySetters (C:\Users\patob\OneDrive\Documentos\GitHub\BackEnd-Vixus\node_modules\mongoose\lib\schemaType.js:1236:12)
      at SchemaType.castForQuery (C:\Users\patob\OneDrive\Documentos\GitHub\BackEnd-Vixus\node_modules\mongoose\lib\schemaType.js:1653:17)
      at cast (C:\Users\patob\OneDrive\Documentos\GitHub\BackEnd-Vixus\node_modules\mongoose\lib\cast.js:308:34)
      at Query.cast (C:\Users\patob\OneDrive\Documentos\GitHub\BackEnd-Vixus\node_modules\mongoose\lib\query.js:4868:12)
      at Query._castConditions (C:\Users\patob\OneDrive\Documentos\GitHub\BackEnd-Vixus\node_modules\mongoose\lib\query.js:2265:10)
      at model.Query._findOne (C:\Users\patob\OneDrive\Documentos\GitHub\BackEnd-Vixus\node_modules\mongoose\lib\query.js:2589:8)
      at model.Query.exec (C:\Users\patob\OneDrive\Documentos\GitHub\BackEnd-Vixus\node_modules\mongoose\lib\query.js:4412:80),
  valueType: 'Object'
}
[2024-10-13T20:16:45.463] [ERROR] default - CastError: Cast to ObjectId failed for value "{ _id: 'getCart' }" (type Object) at path "_id" for model "product"
    at SchemaObjectId.cast (C:\Users\patob\OneDrive\Documentos\GitHub\BackEnd-Vixus\node_modules\mongoose\lib\schema\objectId.js:250:11)
    at SchemaType.applySetters (C:\Users\patob\OneDrive\Documentos\GitHub\BackEnd-Vixus\node_modules\mongoose\lib\schemaType.js:1236:12)
    at SchemaType.castForQuery (C:\Users\patob\OneDrive\Documentos\GitHub\BackEnd-Vixus\node_modules\mongoose\lib\schemaType.js:1653:17)
    at cast (C:\Users\patob\OneDrive\Documentos\GitHub\BackEnd-Vixus\node_modules\mongoose\lib\cast.js:308:34)
    at Query.cast (C:\Users\patob\OneDrive\Documentos\GitHub\BackEnd-Vixus\node_modules\mongoose\lib\query.js:4868:12)
    at Query._castConditions (C:\Users\patob\OneDrive\Documentos\GitHub\BackEnd-Vixus\node_modules\mongoose\lib\query.js:2265:10)
    at model.Query._findOne (C:\Users\patob\OneDrive\Documentos\GitHub\BackEnd-Vixus\node_modules\mongoose\lib\query.js:2589:8)
    at model.Query.exec (C:\Users\patob\OneDrive\Documentos\GitHub\BackEnd-Vixus\node_modules\mongoose\lib\query.js:4412:80)
    at process.processTicksAndRejections (node:internal/process/task_queues:95:5)
    at async Object.getOneProduct (C:\Users\patob\OneDrive\Documentos\GitHub\BackEnd-Vixus\services\products.services.js:152:25) {
  stringValue: `"{ _id: 'getCart' }"`,
  messageFormat: undefined,
  kind: 'ObjectId',
  value: { _id: 'getCart' },
  path: '_id',
  reason: BSONError: input must be a 24 character hex string, 12 byte Uint8Array, or an integer
      at new ObjectId (C:\Users\patob\OneDrive\Documentos\GitHub\BackEnd-Vixus\node_modules\bson\lib\bson.cjs:2362:23)
      at castObjectId (C:\Users\patob\OneDrive\Documentos\GitHub\BackEnd-Vixus\node_modules\mongoose\lib\cast\objectid.js:20:14)
      at SchemaObjectId.cast (C:\Users\patob\OneDrive\Documentos\GitHub\BackEnd-Vixus\node_modules\mongoose\lib\schema\objectId.js:248:12)
      at SchemaType.applySetters (C:\Users\patob\OneDrive\Documentos\GitHub\BackEnd-Vixus\node_modules\mongoose\lib\schemaType.js:1236:12)
      at SchemaType.castForQuery (C:\Users\patob\OneDrive\Documentos\GitHub\BackEnd-Vixus\node_modules\mongoose\lib\schemaType.js:1653:17)
      at cast (C:\Users\patob\OneDrive\Documentos\GitHub\BackEnd-Vixus\node_modules\mongoose\lib\cast.js:308:34)
      at Query.cast (C:\Users\patob\OneDrive\Documentos\GitHub\BackEnd-Vixus\node_modules\mongoose\lib\query.js:4868:12)
      at Query._castConditions (C:\Users\patob\OneDrive\Documentos\GitHub\BackEnd-Vixus\node_modules\mongoose\lib\query.js:2265:10)
      at model.Query._findOne (C:\Users\patob\OneDrive\Documentos\GitHub\BackEnd-Vixus\node_modules\mongoose\lib\query.js:2589:8)
      at model.Query.exec (C:\Users\patob\OneDrive\Documentos\GitHub\BackEnd-Vixus\node_modules\mongoose\lib\query.js:4412:80),
  valueType: 'Object'
}
[2024-10-13T20:18:26.352] [ERROR] default - CastError: Cast to ObjectId failed for value "{ _id: 'getCart' }" (type Object) at path "_id" for model "product"
    at SchemaObjectId.cast (C:\Users\patob\OneDrive\Documentos\GitHub\BackEnd-Vixus\node_modules\mongoose\lib\schema\objectId.js:250:11)
    at SchemaType.applySetters (C:\Users\patob\OneDrive\Documentos\GitHub\BackEnd-Vixus\node_modules\mongoose\lib\schemaType.js:1236:12)
    at SchemaType.castForQuery (C:\Users\patob\OneDrive\Documentos\GitHub\BackEnd-Vixus\node_modules\mongoose\lib\schemaType.js:1653:17)
    at cast (C:\Users\patob\OneDrive\Documentos\GitHub\BackEnd-Vixus\node_modules\mongoose\lib\cast.js:308:34)
    at Query.cast (C:\Users\patob\OneDrive\Documentos\GitHub\BackEnd-Vixus\node_modules\mongoose\lib\query.js:4868:12)
    at Query._castConditions (C:\Users\patob\OneDrive\Documentos\GitHub\BackEnd-Vixus\node_modules\mongoose\lib\query.js:2265:10)
    at model.Query._findOne (C:\Users\patob\OneDrive\Documentos\GitHub\BackEnd-Vixus\node_modules\mongoose\lib\query.js:2589:8)
    at model.Query.exec (C:\Users\patob\OneDrive\Documentos\GitHub\BackEnd-Vixus\node_modules\mongoose\lib\query.js:4412:80)
    at process.processTicksAndRejections (node:internal/process/task_queues:95:5)
    at async Object.getOneProduct (C:\Users\patob\OneDrive\Documentos\GitHub\BackEnd-Vixus\services\products.services.js:152:25) {
  stringValue: `"{ _id: 'getCart' }"`,
  messageFormat: undefined,
  kind: 'ObjectId',
  value: { _id: 'getCart' },
  path: '_id',
  reason: BSONError: input must be a 24 character hex string, 12 byte Uint8Array, or an integer
      at new ObjectId (C:\Users\patob\OneDrive\Documentos\GitHub\BackEnd-Vixus\node_modules\bson\lib\bson.cjs:2362:23)
      at castObjectId (C:\Users\patob\OneDrive\Documentos\GitHub\BackEnd-Vixus\node_modules\mongoose\lib\cast\objectid.js:20:14)
      at SchemaObjectId.cast (C:\Users\patob\OneDrive\Documentos\GitHub\BackEnd-Vixus\node_modules\mongoose\lib\schema\objectId.js:248:12)
      at SchemaType.applySetters (C:\Users\patob\OneDrive\Documentos\GitHub\BackEnd-Vixus\node_modules\mongoose\lib\schemaType.js:1236:12)
      at SchemaType.castForQuery (C:\Users\patob\OneDrive\Documentos\GitHub\BackEnd-Vixus\node_modules\mongoose\lib\schemaType.js:1653:17)
      at cast (C:\Users\patob\OneDrive\Documentos\GitHub\BackEnd-Vixus\node_modules\mongoose\lib\cast.js:308:34)
      at Query.cast (C:\Users\patob\OneDrive\Documentos\GitHub\BackEnd-Vixus\node_modules\mongoose\lib\query.js:4868:12)
      at Query._castConditions (C:\Users\patob\OneDrive\Documentos\GitHub\BackEnd-Vixus\node_modules\mongoose\lib\query.js:2265:10)
      at model.Query._findOne (C:\Users\patob\OneDrive\Documentos\GitHub\BackEnd-Vixus\node_modules\mongoose\lib\query.js:2589:8)
      at model.Query.exec (C:\Users\patob\OneDrive\Documentos\GitHub\BackEnd-Vixus\node_modules\mongoose\lib\query.js:4412:80),
  valueType: 'Object'
}
[2024-10-13T20:19:27.981] [ERROR] default - CastError: Cast to ObjectId failed for value "{ _id: 'getCart' }" (type Object) at path "_id" for model "product"
    at SchemaObjectId.cast (C:\Users\patob\OneDrive\Documentos\GitHub\BackEnd-Vixus\node_modules\mongoose\lib\schema\objectId.js:250:11)
    at SchemaType.applySetters (C:\Users\patob\OneDrive\Documentos\GitHub\BackEnd-Vixus\node_modules\mongoose\lib\schemaType.js:1236:12)
    at SchemaType.castForQuery (C:\Users\patob\OneDrive\Documentos\GitHub\BackEnd-Vixus\node_modules\mongoose\lib\schemaType.js:1653:17)
    at cast (C:\Users\patob\OneDrive\Documentos\GitHub\BackEnd-Vixus\node_modules\mongoose\lib\cast.js:308:34)
    at Query.cast (C:\Users\patob\OneDrive\Documentos\GitHub\BackEnd-Vixus\node_modules\mongoose\lib\query.js:4868:12)
    at Query._castConditions (C:\Users\patob\OneDrive\Documentos\GitHub\BackEnd-Vixus\node_modules\mongoose\lib\query.js:2265:10)
    at model.Query._findOne (C:\Users\patob\OneDrive\Documentos\GitHub\BackEnd-Vixus\node_modules\mongoose\lib\query.js:2589:8)
    at model.Query.exec (C:\Users\patob\OneDrive\Documentos\GitHub\BackEnd-Vixus\node_modules\mongoose\lib\query.js:4412:80)
    at process.processTicksAndRejections (node:internal/process/task_queues:95:5)
    at async Object.getOneProduct (C:\Users\patob\OneDrive\Documentos\GitHub\BackEnd-Vixus\services\products.services.js:152:25) {
  stringValue: `"{ _id: 'getCart' }"`,
  messageFormat: undefined,
  kind: 'ObjectId',
  value: { _id: 'getCart' },
  path: '_id',
  reason: BSONError: input must be a 24 character hex string, 12 byte Uint8Array, or an integer
      at new ObjectId (C:\Users\patob\OneDrive\Documentos\GitHub\BackEnd-Vixus\node_modules\bson\lib\bson.cjs:2362:23)
      at castObjectId (C:\Users\patob\OneDrive\Documentos\GitHub\BackEnd-Vixus\node_modules\mongoose\lib\cast\objectid.js:20:14)
      at SchemaObjectId.cast (C:\Users\patob\OneDrive\Documentos\GitHub\BackEnd-Vixus\node_modules\mongoose\lib\schema\objectId.js:248:12)
      at SchemaType.applySetters (C:\Users\patob\OneDrive\Documentos\GitHub\BackEnd-Vixus\node_modules\mongoose\lib\schemaType.js:1236:12)
      at SchemaType.castForQuery (C:\Users\patob\OneDrive\Documentos\GitHub\BackEnd-Vixus\node_modules\mongoose\lib\schemaType.js:1653:17)
      at cast (C:\Users\patob\OneDrive\Documentos\GitHub\BackEnd-Vixus\node_modules\mongoose\lib\cast.js:308:34)
      at Query.cast (C:\Users\patob\OneDrive\Documentos\GitHub\BackEnd-Vixus\node_modules\mongoose\lib\query.js:4868:12)
      at Query._castConditions (C:\Users\patob\OneDrive\Documentos\GitHub\BackEnd-Vixus\node_modules\mongoose\lib\query.js:2265:10)
      at model.Query._findOne (C:\Users\patob\OneDrive\Documentos\GitHub\BackEnd-Vixus\node_modules\mongoose\lib\query.js:2589:8)
      at model.Query.exec (C:\Users\patob\OneDrive\Documentos\GitHub\BackEnd-Vixus\node_modules\mongoose\lib\query.js:4412:80),
  valueType: 'Object'
}
[2024-10-13T20:21:17.554] [ERROR] default - CastError: Cast to ObjectId failed for value "{ _id: 'getCart' }" (type Object) at path "_id" for model "product"
    at SchemaObjectId.cast (C:\Users\patob\OneDrive\Documentos\GitHub\BackEnd-Vixus\node_modules\mongoose\lib\schema\objectId.js:250:11)
    at SchemaType.applySetters (C:\Users\patob\OneDrive\Documentos\GitHub\BackEnd-Vixus\node_modules\mongoose\lib\schemaType.js:1236:12)
    at SchemaType.castForQuery (C:\Users\patob\OneDrive\Documentos\GitHub\BackEnd-Vixus\node_modules\mongoose\lib\schemaType.js:1653:17)
    at cast (C:\Users\patob\OneDrive\Documentos\GitHub\BackEnd-Vixus\node_modules\mongoose\lib\cast.js:308:34)
    at Query.cast (C:\Users\patob\OneDrive\Documentos\GitHub\BackEnd-Vixus\node_modules\mongoose\lib\query.js:4868:12)
    at Query._castConditions (C:\Users\patob\OneDrive\Documentos\GitHub\BackEnd-Vixus\node_modules\mongoose\lib\query.js:2265:10)
    at model.Query._findOne (C:\Users\patob\OneDrive\Documentos\GitHub\BackEnd-Vixus\node_modules\mongoose\lib\query.js:2589:8)
    at model.Query.exec (C:\Users\patob\OneDrive\Documentos\GitHub\BackEnd-Vixus\node_modules\mongoose\lib\query.js:4412:80)
    at process.processTicksAndRejections (node:internal/process/task_queues:95:5)
    at async Object.getOneProduct (C:\Users\patob\OneDrive\Documentos\GitHub\BackEnd-Vixus\services\products.services.js:152:25) {
  stringValue: `"{ _id: 'getCart' }"`,
  messageFormat: undefined,
  kind: 'ObjectId',
  value: { _id: 'getCart' },
  path: '_id',
  reason: BSONError: input must be a 24 character hex string, 12 byte Uint8Array, or an integer
      at new ObjectId (C:\Users\patob\OneDrive\Documentos\GitHub\BackEnd-Vixus\node_modules\bson\lib\bson.cjs:2362:23)
      at castObjectId (C:\Users\patob\OneDrive\Documentos\GitHub\BackEnd-Vixus\node_modules\mongoose\lib\cast\objectid.js:20:14)
      at SchemaObjectId.cast (C:\Users\patob\OneDrive\Documentos\GitHub\BackEnd-Vixus\node_modules\mongoose\lib\schema\objectId.js:248:12)
      at SchemaType.applySetters (C:\Users\patob\OneDrive\Documentos\GitHub\BackEnd-Vixus\node_modules\mongoose\lib\schemaType.js:1236:12)
      at SchemaType.castForQuery (C:\Users\patob\OneDrive\Documentos\GitHub\BackEnd-Vixus\node_modules\mongoose\lib\schemaType.js:1653:17)
      at cast (C:\Users\patob\OneDrive\Documentos\GitHub\BackEnd-Vixus\node_modules\mongoose\lib\cast.js:308:34)
      at Query.cast (C:\Users\patob\OneDrive\Documentos\GitHub\BackEnd-Vixus\node_modules\mongoose\lib\query.js:4868:12)
      at Query._castConditions (C:\Users\patob\OneDrive\Documentos\GitHub\BackEnd-Vixus\node_modules\mongoose\lib\query.js:2265:10)
      at model.Query._findOne (C:\Users\patob\OneDrive\Documentos\GitHub\BackEnd-Vixus\node_modules\mongoose\lib\query.js:2589:8)
      at model.Query.exec (C:\Users\patob\OneDrive\Documentos\GitHub\BackEnd-Vixus\node_modules\mongoose\lib\query.js:4412:80),
  valueType: 'Object'
}
[2024-10-13T20:22:16.971] [ERROR] default - CastError: Cast to ObjectId failed for value "{ _id: 'getCart' }" (type Object) at path "_id" for model "product"
    at SchemaObjectId.cast (C:\Users\patob\OneDrive\Documentos\GitHub\BackEnd-Vixus\node_modules\mongoose\lib\schema\objectId.js:250:11)
    at SchemaType.applySetters (C:\Users\patob\OneDrive\Documentos\GitHub\BackEnd-Vixus\node_modules\mongoose\lib\schemaType.js:1236:12)
    at SchemaType.castForQuery (C:\Users\patob\OneDrive\Documentos\GitHub\BackEnd-Vixus\node_modules\mongoose\lib\schemaType.js:1653:17)
    at cast (C:\Users\patob\OneDrive\Documentos\GitHub\BackEnd-Vixus\node_modules\mongoose\lib\cast.js:308:34)
    at Query.cast (C:\Users\patob\OneDrive\Documentos\GitHub\BackEnd-Vixus\node_modules\mongoose\lib\query.js:4868:12)
    at Query._castConditions (C:\Users\patob\OneDrive\Documentos\GitHub\BackEnd-Vixus\node_modules\mongoose\lib\query.js:2265:10)
    at model.Query._findOne (C:\Users\patob\OneDrive\Documentos\GitHub\BackEnd-Vixus\node_modules\mongoose\lib\query.js:2589:8)
    at model.Query.exec (C:\Users\patob\OneDrive\Documentos\GitHub\BackEnd-Vixus\node_modules\mongoose\lib\query.js:4412:80)
    at process.processTicksAndRejections (node:internal/process/task_queues:95:5)
    at async Object.getOneProduct (C:\Users\patob\OneDrive\Documentos\GitHub\BackEnd-Vixus\services\products.services.js:152:25) {
  stringValue: `"{ _id: 'getCart' }"`,
  messageFormat: undefined,
  kind: 'ObjectId',
  value: { _id: 'getCart' },
  path: '_id',
  reason: BSONError: input must be a 24 character hex string, 12 byte Uint8Array, or an integer
      at new ObjectId (C:\Users\patob\OneDrive\Documentos\GitHub\BackEnd-Vixus\node_modules\bson\lib\bson.cjs:2362:23)
      at castObjectId (C:\Users\patob\OneDrive\Documentos\GitHub\BackEnd-Vixus\node_modules\mongoose\lib\cast\objectid.js:20:14)
      at SchemaObjectId.cast (C:\Users\patob\OneDrive\Documentos\GitHub\BackEnd-Vixus\node_modules\mongoose\lib\schema\objectId.js:248:12)
      at SchemaType.applySetters (C:\Users\patob\OneDrive\Documentos\GitHub\BackEnd-Vixus\node_modules\mongoose\lib\schemaType.js:1236:12)
      at SchemaType.castForQuery (C:\Users\patob\OneDrive\Documentos\GitHub\BackEnd-Vixus\node_modules\mongoose\lib\schemaType.js:1653:17)
      at cast (C:\Users\patob\OneDrive\Documentos\GitHub\BackEnd-Vixus\node_modules\mongoose\lib\cast.js:308:34)
      at Query.cast (C:\Users\patob\OneDrive\Documentos\GitHub\BackEnd-Vixus\node_modules\mongoose\lib\query.js:4868:12)
      at Query._castConditions (C:\Users\patob\OneDrive\Documentos\GitHub\BackEnd-Vixus\node_modules\mongoose\lib\query.js:2265:10)
      at model.Query._findOne (C:\Users\patob\OneDrive\Documentos\GitHub\BackEnd-Vixus\node_modules\mongoose\lib\query.js:2589:8)
      at model.Query.exec (C:\Users\patob\OneDrive\Documentos\GitHub\BackEnd-Vixus\node_modules\mongoose\lib\query.js:4412:80),
  valueType: 'Object'
}
[2024-10-13T20:25:17.820] [ERROR] default - CastError: Cast to ObjectId failed for value "{ _id: 'getCart' }" (type Object) at path "_id" for model "product"
    at SchemaObjectId.cast (C:\Users\patob\OneDrive\Documentos\GitHub\BackEnd-Vixus\node_modules\mongoose\lib\schema\objectId.js:250:11)
    at SchemaType.applySetters (C:\Users\patob\OneDrive\Documentos\GitHub\BackEnd-Vixus\node_modules\mongoose\lib\schemaType.js:1236:12)
    at SchemaType.castForQuery (C:\Users\patob\OneDrive\Documentos\GitHub\BackEnd-Vixus\node_modules\mongoose\lib\schemaType.js:1653:17)
    at cast (C:\Users\patob\OneDrive\Documentos\GitHub\BackEnd-Vixus\node_modules\mongoose\lib\cast.js:308:34)
    at Query.cast (C:\Users\patob\OneDrive\Documentos\GitHub\BackEnd-Vixus\node_modules\mongoose\lib\query.js:4868:12)
    at Query._castConditions (C:\Users\patob\OneDrive\Documentos\GitHub\BackEnd-Vixus\node_modules\mongoose\lib\query.js:2265:10)
    at model.Query._findOne (C:\Users\patob\OneDrive\Documentos\GitHub\BackEnd-Vixus\node_modules\mongoose\lib\query.js:2589:8)
    at model.Query.exec (C:\Users\patob\OneDrive\Documentos\GitHub\BackEnd-Vixus\node_modules\mongoose\lib\query.js:4412:80)
    at process.processTicksAndRejections (node:internal/process/task_queues:95:5)
    at async Object.getOneProduct (C:\Users\patob\OneDrive\Documentos\GitHub\BackEnd-Vixus\services\products.services.js:152:25) {
  stringValue: `"{ _id: 'getCart' }"`,
  messageFormat: undefined,
  kind: 'ObjectId',
  value: { _id: 'getCart' },
  path: '_id',
  reason: BSONError: input must be a 24 character hex string, 12 byte Uint8Array, or an integer
      at new ObjectId (C:\Users\patob\OneDrive\Documentos\GitHub\BackEnd-Vixus\node_modules\bson\lib\bson.cjs:2362:23)
      at castObjectId (C:\Users\patob\OneDrive\Documentos\GitHub\BackEnd-Vixus\node_modules\mongoose\lib\cast\objectid.js:20:14)
      at SchemaObjectId.cast (C:\Users\patob\OneDrive\Documentos\GitHub\BackEnd-Vixus\node_modules\mongoose\lib\schema\objectId.js:248:12)
      at SchemaType.applySetters (C:\Users\patob\OneDrive\Documentos\GitHub\BackEnd-Vixus\node_modules\mongoose\lib\schemaType.js:1236:12)
      at SchemaType.castForQuery (C:\Users\patob\OneDrive\Documentos\GitHub\BackEnd-Vixus\node_modules\mongoose\lib\schemaType.js:1653:17)
      at cast (C:\Users\patob\OneDrive\Documentos\GitHub\BackEnd-Vixus\node_modules\mongoose\lib\cast.js:308:34)
      at Query.cast (C:\Users\patob\OneDrive\Documentos\GitHub\BackEnd-Vixus\node_modules\mongoose\lib\query.js:4868:12)
      at Query._castConditions (C:\Users\patob\OneDrive\Documentos\GitHub\BackEnd-Vixus\node_modules\mongoose\lib\query.js:2265:10)
      at model.Query._findOne (C:\Users\patob\OneDrive\Documentos\GitHub\BackEnd-Vixus\node_modules\mongoose\lib\query.js:2589:8)
      at model.Query.exec (C:\Users\patob\OneDrive\Documentos\GitHub\BackEnd-Vixus\node_modules\mongoose\lib\query.js:4412:80),
  valueType: 'Object'
}
[2024-10-13T20:29:25.803] [ERROR] default - CastError: Cast to ObjectId failed for value "{ _id: 'getCart' }" (type Object) at path "_id" for model "product"
    at SchemaObjectId.cast (C:\Users\patob\OneDrive\Documentos\GitHub\BackEnd-Vixus\node_modules\mongoose\lib\schema\objectId.js:250:11)
    at SchemaType.applySetters (C:\Users\patob\OneDrive\Documentos\GitHub\BackEnd-Vixus\node_modules\mongoose\lib\schemaType.js:1236:12)
    at SchemaType.castForQuery (C:\Users\patob\OneDrive\Documentos\GitHub\BackEnd-Vixus\node_modules\mongoose\lib\schemaType.js:1653:17)
    at cast (C:\Users\patob\OneDrive\Documentos\GitHub\BackEnd-Vixus\node_modules\mongoose\lib\cast.js:308:34)
    at Query.cast (C:\Users\patob\OneDrive\Documentos\GitHub\BackEnd-Vixus\node_modules\mongoose\lib\query.js:4868:12)
    at Query._castConditions (C:\Users\patob\OneDrive\Documentos\GitHub\BackEnd-Vixus\node_modules\mongoose\lib\query.js:2265:10)
    at model.Query._findOne (C:\Users\patob\OneDrive\Documentos\GitHub\BackEnd-Vixus\node_modules\mongoose\lib\query.js:2589:8)
    at model.Query.exec (C:\Users\patob\OneDrive\Documentos\GitHub\BackEnd-Vixus\node_modules\mongoose\lib\query.js:4412:80)
    at process.processTicksAndRejections (node:internal/process/task_queues:95:5)
    at async Object.getOneProduct (C:\Users\patob\OneDrive\Documentos\GitHub\BackEnd-Vixus\services\products.services.js:152:25) {
  stringValue: `"{ _id: 'getCart' }"`,
  messageFormat: undefined,
  kind: 'ObjectId',
  value: { _id: 'getCart' },
  path: '_id',
  reason: BSONError: input must be a 24 character hex string, 12 byte Uint8Array, or an integer
      at new ObjectId (C:\Users\patob\OneDrive\Documentos\GitHub\BackEnd-Vixus\node_modules\bson\lib\bson.cjs:2362:23)
      at castObjectId (C:\Users\patob\OneDrive\Documentos\GitHub\BackEnd-Vixus\node_modules\mongoose\lib\cast\objectid.js:20:14)
      at SchemaObjectId.cast (C:\Users\patob\OneDrive\Documentos\GitHub\BackEnd-Vixus\node_modules\mongoose\lib\schema\objectId.js:248:12)
      at SchemaType.applySetters (C:\Users\patob\OneDrive\Documentos\GitHub\BackEnd-Vixus\node_modules\mongoose\lib\schemaType.js:1236:12)
      at SchemaType.castForQuery (C:\Users\patob\OneDrive\Documentos\GitHub\BackEnd-Vixus\node_modules\mongoose\lib\schemaType.js:1653:17)
      at cast (C:\Users\patob\OneDrive\Documentos\GitHub\BackEnd-Vixus\node_modules\mongoose\lib\cast.js:308:34)
      at Query.cast (C:\Users\patob\OneDrive\Documentos\GitHub\BackEnd-Vixus\node_modules\mongoose\lib\query.js:4868:12)
      at Query._castConditions (C:\Users\patob\OneDrive\Documentos\GitHub\BackEnd-Vixus\node_modules\mongoose\lib\query.js:2265:10)
      at model.Query._findOne (C:\Users\patob\OneDrive\Documentos\GitHub\BackEnd-Vixus\node_modules\mongoose\lib\query.js:2589:8)
      at model.Query.exec (C:\Users\patob\OneDrive\Documentos\GitHub\BackEnd-Vixus\node_modules\mongoose\lib\query.js:4412:80),
  valueType: 'Object'
}
[2024-10-13T20:31:14.769] [ERROR] default - CastError: Cast to ObjectId failed for value "{ _id: 'getCart' }" (type Object) at path "_id" for model "product"
    at SchemaObjectId.cast (C:\Users\patob\OneDrive\Documentos\GitHub\BackEnd-Vixus\node_modules\mongoose\lib\schema\objectId.js:250:11)
    at SchemaType.applySetters (C:\Users\patob\OneDrive\Documentos\GitHub\BackEnd-Vixus\node_modules\mongoose\lib\schemaType.js:1236:12)
    at SchemaType.castForQuery (C:\Users\patob\OneDrive\Documentos\GitHub\BackEnd-Vixus\node_modules\mongoose\lib\schemaType.js:1653:17)
    at cast (C:\Users\patob\OneDrive\Documentos\GitHub\BackEnd-Vixus\node_modules\mongoose\lib\cast.js:308:34)
    at Query.cast (C:\Users\patob\OneDrive\Documentos\GitHub\BackEnd-Vixus\node_modules\mongoose\lib\query.js:4868:12)
    at Query._castConditions (C:\Users\patob\OneDrive\Documentos\GitHub\BackEnd-Vixus\node_modules\mongoose\lib\query.js:2265:10)
    at model.Query._findOne (C:\Users\patob\OneDrive\Documentos\GitHub\BackEnd-Vixus\node_modules\mongoose\lib\query.js:2589:8)
    at model.Query.exec (C:\Users\patob\OneDrive\Documentos\GitHub\BackEnd-Vixus\node_modules\mongoose\lib\query.js:4412:80)
    at process.processTicksAndRejections (node:internal/process/task_queues:95:5)
    at async Object.getOneProduct (C:\Users\patob\OneDrive\Documentos\GitHub\BackEnd-Vixus\services\products.services.js:152:25) {
  stringValue: `"{ _id: 'getCart' }"`,
  messageFormat: undefined,
  kind: 'ObjectId',
  value: { _id: 'getCart' },
  path: '_id',
  reason: BSONError: input must be a 24 character hex string, 12 byte Uint8Array, or an integer
      at new ObjectId (C:\Users\patob\OneDrive\Documentos\GitHub\BackEnd-Vixus\node_modules\bson\lib\bson.cjs:2362:23)
      at castObjectId (C:\Users\patob\OneDrive\Documentos\GitHub\BackEnd-Vixus\node_modules\mongoose\lib\cast\objectid.js:20:14)
      at SchemaObjectId.cast (C:\Users\patob\OneDrive\Documentos\GitHub\BackEnd-Vixus\node_modules\mongoose\lib\schema\objectId.js:248:12)
      at SchemaType.applySetters (C:\Users\patob\OneDrive\Documentos\GitHub\BackEnd-Vixus\node_modules\mongoose\lib\schemaType.js:1236:12)
      at SchemaType.castForQuery (C:\Users\patob\OneDrive\Documentos\GitHub\BackEnd-Vixus\node_modules\mongoose\lib\schemaType.js:1653:17)
      at cast (C:\Users\patob\OneDrive\Documentos\GitHub\BackEnd-Vixus\node_modules\mongoose\lib\cast.js:308:34)
      at Query.cast (C:\Users\patob\OneDrive\Documentos\GitHub\BackEnd-Vixus\node_modules\mongoose\lib\query.js:4868:12)
      at Query._castConditions (C:\Users\patob\OneDrive\Documentos\GitHub\BackEnd-Vixus\node_modules\mongoose\lib\query.js:2265:10)
      at model.Query._findOne (C:\Users\patob\OneDrive\Documentos\GitHub\BackEnd-Vixus\node_modules\mongoose\lib\query.js:2589:8)
      at model.Query.exec (C:\Users\patob\OneDrive\Documentos\GitHub\BackEnd-Vixus\node_modules\mongoose\lib\query.js:4412:80),
  valueType: 'Object'
}
[2024-10-13T20:32:31.979] [INFO] default - 670995622e2db3e7509113c4
[2024-10-13T20:39:04.250] [INFO] default - {
  _id: new ObjectId('670995622e2db3e7509113c5'),
  userId: '670995622e2db3e7509113c4',
  products: [
    { quantity: 2, product: [Object] },
    { quantity: 3, product: [Object] }
  ],
  __v: 6
}
[2024-10-14T20:40:28.888] [INFO] default - {
  _id: new ObjectId('6707e937046b6ed2f2fe79e3'),
  firstName: 'Patricio',
  lastName: 'Sirena',
  email: 'patoadmin@gmail.com',
  password: '$2b$10$0hAvMJWBv7M8ogAsEOpIsuH5pqiQDU7H4pRfL4F6UlUC2txZgR24q',
  phone: 1234,
  profilePicture: '',
  passwordToken: null,
  active: true,
  role: 'admin',
  cartId: '6707e937046b6ed2f2fe79e4',
  favoriteId: '6707e937046b6ed2f2fe79e5',
  __v: 0
}
[2024-10-14T20:40:36.543] [INFO] default - {
  _id: new ObjectId('6707e937046b6ed2f2fe79e3'),
  firstName: 'Patricio',
  lastName: 'Sirena',
  email: 'patoadmin@gmail.com',
  password: '$2b$10$0hAvMJWBv7M8ogAsEOpIsuH5pqiQDU7H4pRfL4F6UlUC2txZgR24q',
  phone: 1234,
  profilePicture: '',
  passwordToken: null,
  active: true,
  role: 'admin',
  cartId: '6707e937046b6ed2f2fe79e4',
  favoriteId: '6707e937046b6ed2f2fe79e5',
  __v: 0
}
[2024-10-14T21:09:04.117] [INFO] default - {
  _id: new ObjectId('670995622e2db3e7509113c4'),
  firstName: 'Patricio',
  lastName: 'Sirena',
  email: 'patouser@gmail.com',
  password: '$2b$10$cpnZ.yhW74sxzk65zMt0PeWBsvqFCY5eroOf0YhXFTulX9sag1OFS',
  phone: 1234,
  profilePicture: '',
  passwordToken: null,
  active: true,
  role: 'user',
  cartId: '670995622e2db3e7509113c5',
  favoriteId: '670995622e2db3e7509113c6',
  __v: 0
}
[2024-10-14T21:22:45.925] [INFO] default - { firstName: 'Patricio', lastName: 'Sirena', phone: 12345678 }
[2024-10-14T21:23:28.148] [INFO] default - { firstName: 'Patricio', lastName: 'Sirena', phone: 12345678 }
[2024-10-14T21:24:00.207] [INFO] default - {
  firstName: 'Patricio',
  lastName: 'Sirena',
  phone: 12345678,
  active: false
}
[2024-10-14T21:24:05.696] [INFO] default - {
  firstName: 'Patricio',
  lastName: 'Sirena',
  phone: 12345678,
  active: true
}
[2024-10-14T21:24:17.168] [INFO] default - { firstName: 'Patricio', lastName: 'Sirena', phone: 123456 }
[2024-10-15T11:27:03.273] [INFO] default - null
[2024-10-17T21:01:32.665] [ERROR] default - Error: user validation failed: fullName: Path `fullName` is required.
    at ValidationError.inspect (C:\Users\patob\OneDrive\Documentos\GitHub\BackEnd-Vixus\node_modules\mongoose\lib\error\validation.js:50:26)
    at formatValue (node:internal/util/inspect:805:19)
    at inspect (node:internal/util/inspect:364:10)
    at formatWithOptionsInternal (node:internal/util/inspect:2298:40)
    at Object.format (node:internal/util/inspect:2155:10)
    at basicLayout (C:\Users\patob\OneDrive\Documentos\GitHub\BackEnd-Vixus\node_modules\log4js\lib\layouts.js:65:52)
    at app (C:\Users\patob\OneDrive\Documentos\GitHub\BackEnd-Vixus\node_modules\log4js\lib\appenders\file.js:98:23)
    at C:\Users\patob\OneDrive\Documentos\GitHub\BackEnd-Vixus\node_modules\log4js\lib\log4js.js:43:5
    at Array.forEach (<anonymous>)
    at sendLogEventToAppender (C:\Users\patob\OneDrive\Documentos\GitHub\BackEnd-Vixus\node_modules\log4js\lib\log4js.js:42:21) {
  errors: {
    fullName: ValidatorError: Path `fullName` is required.
        at validate (C:\Users\patob\OneDrive\Documentos\GitHub\BackEnd-Vixus\node_modules\mongoose\lib\schemaType.js:1385:13)
        at SchemaType.doValidate (C:\Users\patob\OneDrive\Documentos\GitHub\BackEnd-Vixus\node_modules\mongoose\lib\schemaType.js:1369:7)
        at C:\Users\patob\OneDrive\Documentos\GitHub\BackEnd-Vixus\node_modules\mongoose\lib\document.js:3065:18
        at process.processTicksAndRejections (node:internal/process/task_queues:77:11) {
      properties: [Object],
      kind: 'required',
      path: 'fullName',
      value: undefined,
      reason: undefined,
      [Symbol(mongoose#validatorError)]: true
    }
  },
  _message: 'user validation failed'
}
[2024-10-17T21:02:13.142] [ERROR] default - Error: user validation failed: fullName: Path `fullName` is required.
    at ValidationError.inspect (C:\Users\patob\OneDrive\Documentos\GitHub\BackEnd-Vixus\node_modules\mongoose\lib\error\validation.js:50:26)
    at formatValue (node:internal/util/inspect:805:19)
    at inspect (node:internal/util/inspect:364:10)
    at formatWithOptionsInternal (node:internal/util/inspect:2298:40)
    at Object.format (node:internal/util/inspect:2155:10)
    at basicLayout (C:\Users\patob\OneDrive\Documentos\GitHub\BackEnd-Vixus\node_modules\log4js\lib\layouts.js:65:52)
    at app (C:\Users\patob\OneDrive\Documentos\GitHub\BackEnd-Vixus\node_modules\log4js\lib\appenders\file.js:98:23)
    at C:\Users\patob\OneDrive\Documentos\GitHub\BackEnd-Vixus\node_modules\log4js\lib\log4js.js:43:5
    at Array.forEach (<anonymous>)
    at sendLogEventToAppender (C:\Users\patob\OneDrive\Documentos\GitHub\BackEnd-Vixus\node_modules\log4js\lib\log4js.js:42:21) {
  errors: {
    fullName: ValidatorError: Path `fullName` is required.
        at validate (C:\Users\patob\OneDrive\Documentos\GitHub\BackEnd-Vixus\node_modules\mongoose\lib\schemaType.js:1385:13)
        at SchemaType.doValidate (C:\Users\patob\OneDrive\Documentos\GitHub\BackEnd-Vixus\node_modules\mongoose\lib\schemaType.js:1369:7)
        at C:\Users\patob\OneDrive\Documentos\GitHub\BackEnd-Vixus\node_modules\mongoose\lib\document.js:3065:18
        at process.processTicksAndRejections (node:internal/process/task_queues:77:11) {
      properties: [Object],
      kind: 'required',
      path: 'fullName',
      value: undefined,
      reason: undefined,
      [Symbol(mongoose#validatorError)]: true
    }
  },
  _message: 'user validation failed'
}
[2024-10-17T21:02:23.347] [ERROR] default - Error: user validation failed: fullName: Path `fullName` is required.
    at ValidationError.inspect (C:\Users\patob\OneDrive\Documentos\GitHub\BackEnd-Vixus\node_modules\mongoose\lib\error\validation.js:50:26)
    at formatValue (node:internal/util/inspect:805:19)
    at inspect (node:internal/util/inspect:364:10)
    at formatWithOptionsInternal (node:internal/util/inspect:2298:40)
    at Object.format (node:internal/util/inspect:2155:10)
    at basicLayout (C:\Users\patob\OneDrive\Documentos\GitHub\BackEnd-Vixus\node_modules\log4js\lib\layouts.js:65:52)
    at app (C:\Users\patob\OneDrive\Documentos\GitHub\BackEnd-Vixus\node_modules\log4js\lib\appenders\file.js:98:23)
    at C:\Users\patob\OneDrive\Documentos\GitHub\BackEnd-Vixus\node_modules\log4js\lib\log4js.js:43:5
    at Array.forEach (<anonymous>)
    at sendLogEventToAppender (C:\Users\patob\OneDrive\Documentos\GitHub\BackEnd-Vixus\node_modules\log4js\lib\log4js.js:42:21) {
  errors: {
    fullName: ValidatorError: Path `fullName` is required.
        at validate (C:\Users\patob\OneDrive\Documentos\GitHub\BackEnd-Vixus\node_modules\mongoose\lib\schemaType.js:1385:13)
        at SchemaType.doValidate (C:\Users\patob\OneDrive\Documentos\GitHub\BackEnd-Vixus\node_modules\mongoose\lib\schemaType.js:1369:7)
        at C:\Users\patob\OneDrive\Documentos\GitHub\BackEnd-Vixus\node_modules\mongoose\lib\document.js:3065:18
        at process.processTicksAndRejections (node:internal/process/task_queues:77:11) {
      properties: [Object],
      kind: 'required',
      path: 'fullName',
      value: undefined,
      reason: undefined,
      [Symbol(mongoose#validatorError)]: true
    }
  },
  _message: 'user validation failed'
}
[2024-10-17T21:02:25.386] [ERROR] default - Error: user validation failed: fullName: Path `fullName` is required.
    at ValidationError.inspect (C:\Users\patob\OneDrive\Documentos\GitHub\BackEnd-Vixus\node_modules\mongoose\lib\error\validation.js:50:26)
    at formatValue (node:internal/util/inspect:805:19)
    at inspect (node:internal/util/inspect:364:10)
    at formatWithOptionsInternal (node:internal/util/inspect:2298:40)
    at Object.format (node:internal/util/inspect:2155:10)
    at basicLayout (C:\Users\patob\OneDrive\Documentos\GitHub\BackEnd-Vixus\node_modules\log4js\lib\layouts.js:65:52)
    at app (C:\Users\patob\OneDrive\Documentos\GitHub\BackEnd-Vixus\node_modules\log4js\lib\appenders\file.js:98:23)
    at C:\Users\patob\OneDrive\Documentos\GitHub\BackEnd-Vixus\node_modules\log4js\lib\log4js.js:43:5
    at Array.forEach (<anonymous>)
    at sendLogEventToAppender (C:\Users\patob\OneDrive\Documentos\GitHub\BackEnd-Vixus\node_modules\log4js\lib\log4js.js:42:21) {
  errors: {
    fullName: ValidatorError: Path `fullName` is required.
        at validate (C:\Users\patob\OneDrive\Documentos\GitHub\BackEnd-Vixus\node_modules\mongoose\lib\schemaType.js:1385:13)
        at SchemaType.doValidate (C:\Users\patob\OneDrive\Documentos\GitHub\BackEnd-Vixus\node_modules\mongoose\lib\schemaType.js:1369:7)
        at C:\Users\patob\OneDrive\Documentos\GitHub\BackEnd-Vixus\node_modules\mongoose\lib\document.js:3065:18
        at process.processTicksAndRejections (node:internal/process/task_queues:77:11) {
      properties: [Object],
      kind: 'required',
      path: 'fullName',
      value: undefined,
      reason: undefined,
      [Symbol(mongoose#validatorError)]: true
    }
  },
  _message: 'user validation failed'
}
[2024-10-17T21:03:55.997] [INFO] default - {
  _id: new ObjectId('6711a5bdb2af20481af99596'),
  fullName: 'Patricio Sirena',
  email: 'patouser@gmail.com',
  password: '$2b$10$IUJFu4VAK4z8PrykjXsRzutKL.cox/tXT2/DUGGE8kL9/PDuYmd4a',
  phone: 1234567,
  passwordToken: null,
  active: true,
  role: 'user',
  cartId: '6711a5bdb2af20481af99597',
  favoriteId: '6711a5bdb2af20481af99598',
  __v: 0
}
[2024-10-17T21:04:39.496] [INFO] default - null
[2024-10-17T21:23:06.120] [ERROR] default - ObjectParameterError: Parameter "filter" to findOne() must be an object, got "6711a8d1ff3b4c4a67a7cd22" (type string)
    at Query.findOne (C:\Users\patob\OneDrive\Documentos\GitHub\BackEnd-Vixus\node_modules\mongoose\lib\query.js:2666:16)
    at Function.findOne (C:\Users\patob\OneDrive\Documentos\GitHub\BackEnd-Vixus\node_modules\mongoose\lib\model.js:2039:13)
    at Object.delProduct (C:\Users\patob\OneDrive\Documentos\GitHub\BackEnd-Vixus\services\products.services.js:208:47)
    at process.processTicksAndRejections (node:internal/process/task_queues:95:5)
    at async deleteProduct (C:\Users\patob\OneDrive\Documentos\GitHub\BackEnd-Vixus\controllers\products.controllers.js:173:24)
[2024-10-17T21:23:30.599] [INFO] default - {
  _id: new ObjectId('6711a8d1ff3b4c4a67a7cd23'),
  productId: '6711a8d1ff3b4c4a67a7cd22',
  quantity: 0,
  __v: 0
}
[2024-10-17T21:23:57.500] [INFO] default - {
  _id: new ObjectId('6711a8d1ff3b4c4a67a7cd23'),
  productId: '6711a8d1ff3b4c4a67a7cd22',
  quantity: 0,
  __v: 0
}
[2024-10-17T21:23:57.507] [INFO] default - {
  _id: new ObjectId('6711a8d1ff3b4c4a67a7cd22'),
  name: 'Chomba lisa',
  price: 24000,
  description: 'Chomba lisa de algodon o pique',
  color: '',
  size: '',
  active: true,
  mainPicture: '',
  galery: [],
  __v: 0
}
[2024-10-18T11:43:34.856] [INFO] default - {
  _id: new ObjectId('671128c00722e76114071e07'),
  userId: '671128c00722e76114071e05',
  products: [ '67127184b6cccd9eb8533a53', '671271a4b6cccd9eb8533a59' ],
  __v: 2
}
[2024-10-18T11:44:49.764] [INFO] default - [ '671271a4b6cccd9eb8533a59' ]
[2024-10-18T11:50:26.708] [ERROR] default - MongooseError: Invalid update pipeline operator: "0"
    at castPipelineOperator (C:\Users\patob\OneDrive\Documentos\GitHub\BackEnd-Vixus\node_modules\mongoose\lib\helpers\query\castUpdate.js:164:9)
    at castUpdate (C:\Users\patob\OneDrive\Documentos\GitHub\BackEnd-Vixus\node_modules\mongoose\lib\helpers\query\castUpdate.js:58:22)
    at model.Query._castUpdate (C:\Users\patob\OneDrive\Documentos\GitHub\BackEnd-Vixus\node_modules\mongoose\lib\query.js:4669:10)
    at model.Query._findOneAndUpdate (C:\Users\patob\OneDrive\Documentos\GitHub\BackEnd-Vixus\node_modules\mongoose\lib\query.js:3379:23)
    at model.Query.exec (C:\Users\patob\OneDrive\Documentos\GitHub\BackEnd-Vixus\node_modules\mongoose\lib\query.js:4412:80)
    at process.processTicksAndRejections (node:internal/process/task_queues:95:5)
    at async Object.deleteProductFromFavorite (C:\Users\patob\OneDrive\Documentos\GitHub\BackEnd-Vixus\services\products.services.js:130:13)
    at async delFromFavorite (C:\Users\patob\OneDrive\Documentos\GitHub\BackEnd-Vixus\controllers\products.controllers.js:89:24)
[2024-10-18T11:56:35.793] [ERROR] default - MongooseError: Invalid update pipeline operator: "0"
    at castPipelineOperator (C:\Users\patob\OneDrive\Documentos\GitHub\BackEnd-Vixus\node_modules\mongoose\lib\helpers\query\castUpdate.js:164:9)
    at castUpdate (C:\Users\patob\OneDrive\Documentos\GitHub\BackEnd-Vixus\node_modules\mongoose\lib\helpers\query\castUpdate.js:58:22)
    at model.Query._castUpdate (C:\Users\patob\OneDrive\Documentos\GitHub\BackEnd-Vixus\node_modules\mongoose\lib\query.js:4669:10)
    at model.Query._findOneAndUpdate (C:\Users\patob\OneDrive\Documentos\GitHub\BackEnd-Vixus\node_modules\mongoose\lib\query.js:3379:23)
    at model.Query.exec (C:\Users\patob\OneDrive\Documentos\GitHub\BackEnd-Vixus\node_modules\mongoose\lib\query.js:4412:80)
    at process.processTicksAndRejections (node:internal/process/task_queues:95:5)
    at async Object.deleteProductFromFavorite (C:\Users\patob\OneDrive\Documentos\GitHub\BackEnd-Vixus\services\products.services.js:130:13)
    at async delFromFavorite (C:\Users\patob\OneDrive\Documentos\GitHub\BackEnd-Vixus\controllers\products.controllers.js:89:24)
[2024-10-18T12:01:31.184] [INFO] default - [ '67127184b6cccd9eb8533a53', '671271a4b6cccd9eb8533a59' ]
[2024-10-18T12:02:38.482] [INFO] default - [ '671271a4b6cccd9eb8533a59' ]
[2024-10-22T20:52:10.555] [INFO] default - .webp
[2024-10-23T20:29:28.240] [INFO] default - undefined
[2024-10-23T20:39:55.998] [INFO] default - undefined
[2024-10-23T20:42:15.946] [INFO] default - .webp
[2024-10-26T23:47:24.278] [INFO] default - .webp
[2024-10-26T23:47:47.591] [INFO] default - .jpeg
[2024-10-27T00:05:47.317] [INFO] default - .jpeg
[2024-10-27T00:05:47.433] [ERROR] default - ReferenceError: cloudinary is not defined
    at Object.mainProductImage (C:\Users\patob\OneDrive\Documentos\GitHub\BackEnd-Vixus\services\products.services.js:33:28)
    at process.processTicksAndRejections (node:internal/process/task_queues:95:5)
    at async setMainPicture (C:\Users\patob\OneDrive\Documentos\GitHub\BackEnd-Vixus\controllers\products.controllers.js:19:24)
[2024-10-27T00:15:40.916] [INFO] default - .jpeg
[2024-10-27T00:15:41.013] [ERROR] default - ReferenceError: cloudinary is not defined
    at Object.mainProductImage (C:\Users\patob\OneDrive\Documentos\GitHub\BackEnd-Vixus\services\products.services.js:33:28)
    at process.processTicksAndRejections (node:internal/process/task_queues:95:5)
    at async setMainPicture (C:\Users\patob\OneDrive\Documentos\GitHub\BackEnd-Vixus\controllers\products.controllers.js:19:24)
[2024-10-27T00:17:02.147] [INFO] default - .jpeg
[2024-10-27T00:17:03.363] [INFO] default - {
  asset_id: '6d895f0f0d219c456102708778b2bfe3',
  public_id: 'whjxc0h8tri7fo5h5z2q',
  version: 1729999022,
  version_id: '1c247715b6b1a3b38a780562bf40450b',
  signature: '0d80ed97e45ca9082856ea0997cca3c05f7ec748',
  width: 225,
  height: 225,
  format: 'jpg',
  resource_type: 'image',
  created_at: '2024-10-27T03:17:02Z',
  tags: [],
  bytes: 4080,
  type: 'upload',
  etag: '816d972d94f2b36633a31212c501de1d',
  placeholder: false,
  url: 'http://res.cloudinary.com/dkp3sew2y/image/upload/v1729999022/whjxc0h8tri7fo5h5z2q.jpg',
  secure_url: 'https://res.cloudinary.com/dkp3sew2y/image/upload/v1729999022/whjxc0h8tri7fo5h5z2q.jpg',
  asset_folder: '',
  display_name: 'whjxc0h8tri7fo5h5z2q',
  original_filename: 'ea54480d21a2b8b7408491e5a11da60d',
  api_key: '995914146915358'
}
[2024-10-27T00:20:05.884] [INFO] default - .jpeg
[2024-10-27T00:20:07.252] [INFO] default - https://res.cloudinary.com/dkp3sew2y/image/upload/v1729999206/lm3cjtwdli9lhgfdgdwo.jpg
[2024-10-27T00:20:07.256] [INFO] default - 
[2024-10-27T00:22:25.849] [INFO] default - https://res.cloudinary.com/dkp3sew2y/image/upload/v1729999345/epssh6jtv24cl6qvnyyj.jpg
[2024-10-27T00:22:25.854] [INFO] default - 
[2024-10-27T00:26:58.849] [INFO] default - 
[2024-10-27T00:26:59.662] [ERROR] default - {
  message: 'Missing required parameter - public_id',
  name: 'Error',
  http_code: 400
}
[2024-10-27T00:27:51.454] [INFO] default - 
[2024-10-27T00:35:11.041] [ERROR] default - Error: product validation failed: mainPicture: Cast to string failed for value "{
  asset_id: '5624b53a6f403edfc117746d67fea5c3',
  public_id: 'vnshmu7zra5v4b4z5g7k',
  version: 1730000110,
  version_id: '9ce5102a9b2f5fba054e5edef95bd7ca',
  signature: 'd4fb81e698e85ddfcc4037f6de3e9450343d993c',
  width: 225,
  height: 225,
  format: 'jpg',
  resource_type: 'image',
  created_at: '2024-10-27T03:35:10Z',
  tags: [],
  bytes: 4080,
  type: 'upload',
  etag: '816d972d94f2b36633a31212c501de1d',
  placeholder: false,
  url: 'http://res.cloudinary.com/dkp3sew2y/image/upload/v1730000110/vnshmu7zra5v4b4z5g7k.jpg',
  secure_url: 'https://res.cloudinary.com/dkp3sew2y/image/upload/v1730000110/vnshmu7zra5v4b4z5g7k.jpg',
  asset_folder: '',
  display_name: 'vnshmu7zra5v4b4z5g7k',
  original_filename: '63e51023971653ce6f0f63ee8a8b28a8',
  api_key: '995914146915358'
}" (type Object) at path "mainPicture"
    at ValidationError.inspect (C:\Users\patob\OneDrive\Documentos\GitHub\BackEnd-Vixus\node_modules\mongoose\lib\error\validation.js:50:26)
    at formatValue (node:internal/util/inspect:805:19)
    at inspect (node:internal/util/inspect:364:10)
    at formatWithOptionsInternal (node:internal/util/inspect:2298:40)
    at Object.format (node:internal/util/inspect:2155:10)
    at basicLayout (C:\Users\patob\OneDrive\Documentos\GitHub\BackEnd-Vixus\node_modules\log4js\lib\layouts.js:65:52)
    at app (C:\Users\patob\OneDrive\Documentos\GitHub\BackEnd-Vixus\node_modules\log4js\lib\appenders\file.js:98:23)
    at C:\Users\patob\OneDrive\Documentos\GitHub\BackEnd-Vixus\node_modules\log4js\lib\log4js.js:43:5
    at Array.forEach (<anonymous>)
    at sendLogEventToAppender (C:\Users\patob\OneDrive\Documentos\GitHub\BackEnd-Vixus\node_modules\log4js\lib\log4js.js:42:21) {
  errors: {
    mainPicture: CastError: Cast to string failed for value "{
      asset_id: '5624b53a6f403edfc117746d67fea5c3',
      public_id: 'vnshmu7zra5v4b4z5g7k',
      version: 1730000110,
      version_id: '9ce5102a9b2f5fba054e5edef95bd7ca',
      signature: 'd4fb81e698e85ddfcc4037f6de3e9450343d993c',
      width: 225,
      height: 225,
      format: 'jpg',
      resource_type: 'image',
      created_at: '2024-10-27T03:35:10Z',
      tags: [],
      bytes: 4080,
      type: 'upload',
      etag: '816d972d94f2b36633a31212c501de1d',
      placeholder: false,
      url: 'http://res.cloudinary.com/dkp3sew2y/image/upload/v1730000110/vnshmu7zra5v4b4z5g7k.jpg',
      secure_url: 'https://res.cloudinary.com/dkp3sew2y/image/upload/v1730000110/vnshmu7zra5v4b4z5g7k.jpg',
      asset_folder: '',
      display_name: 'vnshmu7zra5v4b4z5g7k',
      original_filename: '63e51023971653ce6f0f63ee8a8b28a8',
      api_key: '995914146915358'
    }" (type Object) at path "mainPicture"
        at SchemaString.cast (C:\Users\patob\OneDrive\Documentos\GitHub\BackEnd-Vixus\node_modules\mongoose\lib\schema\string.js:606:11)
        at SchemaType.applySetters (C:\Users\patob\OneDrive\Documentos\GitHub\BackEnd-Vixus\node_modules\mongoose\lib\schemaType.js:1236:12)
        at model.$set (C:\Users\patob\OneDrive\Documentos\GitHub\BackEnd-Vixus\node_modules\mongoose\lib\document.js:1432:22)
        at model.set [as mainPicture] (C:\Users\patob\OneDrive\Documentos\GitHub\BackEnd-Vixus\node_modules\mongoose\lib\helpers\document\compile.js:205:19)
        at Object.mainProductImage (C:\Users\patob\OneDrive\Documentos\GitHub\BackEnd-Vixus\services\products.services.js:37:37)
        at process.processTicksAndRejections (node:internal/process/task_queues:95:5)
        at async setMainPicture (C:\Users\patob\OneDrive\Documentos\GitHub\BackEnd-Vixus\controllers\products.controllers.js:19:24) {
      stringValue: '"{\n' +
        "  asset_id: '5624b53a6f403edfc117746d67fea5c3',\n" +
        "  public_id: 'vnshmu7zra5v4b4z5g7k',\n" +
        '  version: 1730000110,\n' +
        "  version_id: '9ce5102a9b2f5fba054e5edef95bd7ca',\n" +
        "  signature: 'd4fb81e698e85ddfcc4037f6de3e9450343d993c',\n" +
        '  width: 225,\n' +
        '  height: 225,\n' +
        "  format: 'jpg',\n" +
        "  resource_type: 'image',\n" +
        "  created_at: '2024-10-27T03:35:10Z',\n" +
        '  tags: [],\n' +
        '  bytes: 4080,\n' +
        "  type: 'upload',\n" +
        "  etag: '816d972d94f2b36633a31212c501de1d',\n" +
        '  placeholder: false,\n' +
        "  url: 'http://res.cloudinary.com/dkp3sew2y/image/upload/v1730000110/vnshmu7zra5v4b4z5g7k.jpg',\n" +
        "  secure_url: 'https://res.cloudinary.com/dkp3sew2y/image/upload/v1730000110/vnshmu7zra5v4b4z5g7k.jpg',\n" +
        "  asset_folder: '',\n" +
        "  display_name: 'vnshmu7zra5v4b4z5g7k',\n" +
        "  original_filename: '63e51023971653ce6f0f63ee8a8b28a8',\n" +
        "  api_key: '995914146915358'\n" +
        '}"',
      messageFormat: undefined,
      kind: 'string',
      value: [Object],
      path: 'mainPicture',
      reason: null,
      valueType: 'Object'
    }
  },
  _message: 'product validation failed'
}
[2024-10-27T12:35:04.128] [ERROR] default - Error: product validation failed: mainPicture: Cast to string failed for value "{
  asset_id: '5f4d007dcc9f15405721457a2bdfad40',
  public_id: 'drjk2q5dmzsf2k6jmfyh',
  version: 1730043303,
  version_id: '3def096a2f62cdbf79b3c96ca73fd190',
  signature: '9561039845c5f61ecffed2c26dc35f2f535048b8',
  width: 225,
  height: 225,
  format: 'jpg',
  resource_type: 'image',
  created_at: '2024-10-27T15:35:03Z',
  tags: [],
  bytes: 4080,
  type: 'upload',
  etag: '816d972d94f2b36633a31212c501de1d',
  placeholder: false,
  url: 'http://res.cloudinary.com/dkp3sew2y/image/upload/v1730043303/drjk2q5dmzsf2k6jmfyh.jpg',
  secure_url: 'https://res.cloudinary.com/dkp3sew2y/image/upload/v1730043303/drjk2q5dmzsf2k6jmfyh.jpg',
  asset_folder: '',
  display_name: 'drjk2q5dmzsf2k6jmfyh',
  original_filename: 'c180ad292f1a8f2e6bfcc9cfe6a184cb',
  api_key: '995914146915358'
}" (type Object) at path "mainPicture"
    at ValidationError.inspect (C:\Users\patob\OneDrive\Documentos\GitHub\BackEnd-Vixus\node_modules\mongoose\lib\error\validation.js:50:26)
    at formatValue (node:internal/util/inspect:805:19)
    at inspect (node:internal/util/inspect:364:10)
    at formatWithOptionsInternal (node:internal/util/inspect:2298:40)
    at Object.format (node:internal/util/inspect:2155:10)
    at basicLayout (C:\Users\patob\OneDrive\Documentos\GitHub\BackEnd-Vixus\node_modules\log4js\lib\layouts.js:65:52)
    at app (C:\Users\patob\OneDrive\Documentos\GitHub\BackEnd-Vixus\node_modules\log4js\lib\appenders\file.js:98:23)
    at C:\Users\patob\OneDrive\Documentos\GitHub\BackEnd-Vixus\node_modules\log4js\lib\log4js.js:43:5
    at Array.forEach (<anonymous>)
    at sendLogEventToAppender (C:\Users\patob\OneDrive\Documentos\GitHub\BackEnd-Vixus\node_modules\log4js\lib\log4js.js:42:21) {
  errors: {
    mainPicture: CastError: Cast to string failed for value "{
      asset_id: '5f4d007dcc9f15405721457a2bdfad40',
      public_id: 'drjk2q5dmzsf2k6jmfyh',
      version: 1730043303,
      version_id: '3def096a2f62cdbf79b3c96ca73fd190',
      signature: '9561039845c5f61ecffed2c26dc35f2f535048b8',
      width: 225,
      height: 225,
      format: 'jpg',
      resource_type: 'image',
      created_at: '2024-10-27T15:35:03Z',
      tags: [],
      bytes: 4080,
      type: 'upload',
      etag: '816d972d94f2b36633a31212c501de1d',
      placeholder: false,
      url: 'http://res.cloudinary.com/dkp3sew2y/image/upload/v1730043303/drjk2q5dmzsf2k6jmfyh.jpg',
      secure_url: 'https://res.cloudinary.com/dkp3sew2y/image/upload/v1730043303/drjk2q5dmzsf2k6jmfyh.jpg',
      asset_folder: '',
      display_name: 'drjk2q5dmzsf2k6jmfyh',
      original_filename: 'c180ad292f1a8f2e6bfcc9cfe6a184cb',
      api_key: '995914146915358'
    }" (type Object) at path "mainPicture"
        at SchemaString.cast (C:\Users\patob\OneDrive\Documentos\GitHub\BackEnd-Vixus\node_modules\mongoose\lib\schema\string.js:606:11)
        at SchemaType.applySetters (C:\Users\patob\OneDrive\Documentos\GitHub\BackEnd-Vixus\node_modules\mongoose\lib\schemaType.js:1236:12)
        at model.$set (C:\Users\patob\OneDrive\Documentos\GitHub\BackEnd-Vixus\node_modules\mongoose\lib\document.js:1432:22)
        at model.set [as mainPicture] (C:\Users\patob\OneDrive\Documentos\GitHub\BackEnd-Vixus\node_modules\mongoose\lib\helpers\document\compile.js:205:19)
        at Object.mainProductImage (C:\Users\patob\OneDrive\Documentos\GitHub\BackEnd-Vixus\services\products.services.js:38:37)
        at process.processTicksAndRejections (node:internal/process/task_queues:95:5)
        at async setMainPicture (C:\Users\patob\OneDrive\Documentos\GitHub\BackEnd-Vixus\controllers\products.controllers.js:19:24) {
      stringValue: '"{\n' +
        "  asset_id: '5f4d007dcc9f15405721457a2bdfad40',\n" +
        "  public_id: 'drjk2q5dmzsf2k6jmfyh',\n" +
        '  version: 1730043303,\n' +
        "  version_id: '3def096a2f62cdbf79b3c96ca73fd190',\n" +
        "  signature: '9561039845c5f61ecffed2c26dc35f2f535048b8',\n" +
        '  width: 225,\n' +
        '  height: 225,\n' +
        "  format: 'jpg',\n" +
        "  resource_type: 'image',\n" +
        "  created_at: '2024-10-27T15:35:03Z',\n" +
        '  tags: [],\n' +
        '  bytes: 4080,\n' +
        "  type: 'upload',\n" +
        "  etag: '816d972d94f2b36633a31212c501de1d',\n" +
        '  placeholder: false,\n' +
        "  url: 'http://res.cloudinary.com/dkp3sew2y/image/upload/v1730043303/drjk2q5dmzsf2k6jmfyh.jpg',\n" +
        "  secure_url: 'https://res.cloudinary.com/dkp3sew2y/image/upload/v1730043303/drjk2q5dmzsf2k6jmfyh.jpg',\n" +
        "  asset_folder: '',\n" +
        "  display_name: 'drjk2q5dmzsf2k6jmfyh',\n" +
        "  original_filename: 'c180ad292f1a8f2e6bfcc9cfe6a184cb',\n" +
        "  api_key: '995914146915358'\n" +
        '}"',
      messageFormat: undefined,
      kind: 'string',
      value: [Object],
      path: 'mainPicture',
      reason: null,
      valueType: 'Object'
    }
  },
  _message: 'product validation failed'
}
[2024-10-27T12:36:18.060] [ERROR] default - Error: product validation failed: mainPicture: Cast to string failed for value "{
  asset_id: '348ee327b56c48b2c393bc0b7cf7c08d',
  public_id: 'r3o6hhhr8bywv3ntxfw9',
  version: 1730043377,
  version_id: '266a314e0078cc2ed3b8de5f906fc62f',
  signature: '346bfe64c918b64c4a5b607d6ded2cf878edfb1e',
  width: 225,
  height: 225,
  format: 'jpg',
  resource_type: 'image',
  created_at: '2024-10-27T15:36:17Z',
  tags: [],
  bytes: 4080,
  type: 'upload',
  etag: '816d972d94f2b36633a31212c501de1d',
  placeholder: false,
  url: 'http://res.cloudinary.com/dkp3sew2y/image/upload/v1730043377/r3o6hhhr8bywv3ntxfw9.jpg',
  secure_url: 'https://res.cloudinary.com/dkp3sew2y/image/upload/v1730043377/r3o6hhhr8bywv3ntxfw9.jpg',
  asset_folder: '',
  display_name: 'r3o6hhhr8bywv3ntxfw9',
  original_filename: '4b56179f7db8af8a91e229f94af6a749',
  api_key: '995914146915358'
}" (type Object) at path "mainPicture"
    at ValidationError.inspect (C:\Users\patob\OneDrive\Documentos\GitHub\BackEnd-Vixus\node_modules\mongoose\lib\error\validation.js:50:26)
    at formatValue (node:internal/util/inspect:805:19)
    at inspect (node:internal/util/inspect:364:10)
    at formatWithOptionsInternal (node:internal/util/inspect:2298:40)
    at Object.format (node:internal/util/inspect:2155:10)
    at basicLayout (C:\Users\patob\OneDrive\Documentos\GitHub\BackEnd-Vixus\node_modules\log4js\lib\layouts.js:65:52)
    at app (C:\Users\patob\OneDrive\Documentos\GitHub\BackEnd-Vixus\node_modules\log4js\lib\appenders\file.js:98:23)
    at C:\Users\patob\OneDrive\Documentos\GitHub\BackEnd-Vixus\node_modules\log4js\lib\log4js.js:43:5
    at Array.forEach (<anonymous>)
    at sendLogEventToAppender (C:\Users\patob\OneDrive\Documentos\GitHub\BackEnd-Vixus\node_modules\log4js\lib\log4js.js:42:21) {
  errors: {
    mainPicture: CastError: Cast to string failed for value "{
      asset_id: '348ee327b56c48b2c393bc0b7cf7c08d',
      public_id: 'r3o6hhhr8bywv3ntxfw9',
      version: 1730043377,
      version_id: '266a314e0078cc2ed3b8de5f906fc62f',
      signature: '346bfe64c918b64c4a5b607d6ded2cf878edfb1e',
      width: 225,
      height: 225,
      format: 'jpg',
      resource_type: 'image',
      created_at: '2024-10-27T15:36:17Z',
      tags: [],
      bytes: 4080,
      type: 'upload',
      etag: '816d972d94f2b36633a31212c501de1d',
      placeholder: false,
      url: 'http://res.cloudinary.com/dkp3sew2y/image/upload/v1730043377/r3o6hhhr8bywv3ntxfw9.jpg',
      secure_url: 'https://res.cloudinary.com/dkp3sew2y/image/upload/v1730043377/r3o6hhhr8bywv3ntxfw9.jpg',
      asset_folder: '',
      display_name: 'r3o6hhhr8bywv3ntxfw9',
      original_filename: '4b56179f7db8af8a91e229f94af6a749',
      api_key: '995914146915358'
    }" (type Object) at path "mainPicture"
        at SchemaString.cast (C:\Users\patob\OneDrive\Documentos\GitHub\BackEnd-Vixus\node_modules\mongoose\lib\schema\string.js:606:11)
        at SchemaType.applySetters (C:\Users\patob\OneDrive\Documentos\GitHub\BackEnd-Vixus\node_modules\mongoose\lib\schemaType.js:1236:12)
        at model.$set (C:\Users\patob\OneDrive\Documentos\GitHub\BackEnd-Vixus\node_modules\mongoose\lib\document.js:1432:22)
        at model.set [as mainPicture] (C:\Users\patob\OneDrive\Documentos\GitHub\BackEnd-Vixus\node_modules\mongoose\lib\helpers\document\compile.js:205:19)
        at Object.mainProductImage (C:\Users\patob\OneDrive\Documentos\GitHub\BackEnd-Vixus\services\products.services.js:38:37)
        at process.processTicksAndRejections (node:internal/process/task_queues:95:5)
        at async setMainPicture (C:\Users\patob\OneDrive\Documentos\GitHub\BackEnd-Vixus\controllers\products.controllers.js:19:24) {
      stringValue: '"{\n' +
        "  asset_id: '348ee327b56c48b2c393bc0b7cf7c08d',\n" +
        "  public_id: 'r3o6hhhr8bywv3ntxfw9',\n" +
        '  version: 1730043377,\n' +
        "  version_id: '266a314e0078cc2ed3b8de5f906fc62f',\n" +
        "  signature: '346bfe64c918b64c4a5b607d6ded2cf878edfb1e',\n" +
        '  width: 225,\n' +
        '  height: 225,\n' +
        "  format: 'jpg',\n" +
        "  resource_type: 'image',\n" +
        "  created_at: '2024-10-27T15:36:17Z',\n" +
        '  tags: [],\n' +
        '  bytes: 4080,\n' +
        "  type: 'upload',\n" +
        "  etag: '816d972d94f2b36633a31212c501de1d',\n" +
        '  placeholder: false,\n' +
        "  url: 'http://res.cloudinary.com/dkp3sew2y/image/upload/v1730043377/r3o6hhhr8bywv3ntxfw9.jpg',\n" +
        "  secure_url: 'https://res.cloudinary.com/dkp3sew2y/image/upload/v1730043377/r3o6hhhr8bywv3ntxfw9.jpg',\n" +
        "  asset_folder: '',\n" +
        "  display_name: 'r3o6hhhr8bywv3ntxfw9',\n" +
        "  original_filename: '4b56179f7db8af8a91e229f94af6a749',\n" +
        "  api_key: '995914146915358'\n" +
        '}"',
      messageFormat: undefined,
      kind: 'string',
      value: [Object],
      path: 'mainPicture',
      reason: null,
      valueType: 'Object'
    }
  },
  _message: 'product validation failed'
}
[2024-10-27T12:40:41.856] [ERROR] default - Error: product validation failed: mainPicture: Cast to string failed for value "{
  asset_id: '8895ec7c4da089aa174194c5fb526c94',
  public_id: 'qyzdjikgktmvlkdfl1yg',
  version: 1730043641,
  version_id: '540068908f676e0c0f9bd4b7fc7716a4',
  signature: 'd05f79ccff5033d2145fdda141d29fdc17206c68',
  width: 225,
  height: 225,
  format: 'jpg',
  resource_type: 'image',
  created_at: '2024-10-27T15:40:41Z',
  tags: [],
  bytes: 4080,
  type: 'upload',
  etag: '816d972d94f2b36633a31212c501de1d',
  placeholder: false,
  url: 'http://res.cloudinary.com/dkp3sew2y/image/upload/v1730043641/qyzdjikgktmvlkdfl1yg.jpg',
  secure_url: 'https://res.cloudinary.com/dkp3sew2y/image/upload/v1730043641/qyzdjikgktmvlkdfl1yg.jpg',
  asset_folder: '',
  display_name: 'qyzdjikgktmvlkdfl1yg',
  original_filename: '9e3c3149bfab4c2a6664e71f7973ac82',
  api_key: '995914146915358'
}" (type Object) at path "mainPicture"
    at ValidationError.inspect (C:\Users\patob\OneDrive\Documentos\GitHub\BackEnd-Vixus\node_modules\mongoose\lib\error\validation.js:50:26)
    at formatValue (node:internal/util/inspect:805:19)
    at inspect (node:internal/util/inspect:364:10)
    at formatWithOptionsInternal (node:internal/util/inspect:2298:40)
    at Object.format (node:internal/util/inspect:2155:10)
    at basicLayout (C:\Users\patob\OneDrive\Documentos\GitHub\BackEnd-Vixus\node_modules\log4js\lib\layouts.js:65:52)
    at app (C:\Users\patob\OneDrive\Documentos\GitHub\BackEnd-Vixus\node_modules\log4js\lib\appenders\file.js:98:23)
    at C:\Users\patob\OneDrive\Documentos\GitHub\BackEnd-Vixus\node_modules\log4js\lib\log4js.js:43:5
    at Array.forEach (<anonymous>)
    at sendLogEventToAppender (C:\Users\patob\OneDrive\Documentos\GitHub\BackEnd-Vixus\node_modules\log4js\lib\log4js.js:42:21) {
  errors: {
    mainPicture: CastError: Cast to string failed for value "{
      asset_id: '8895ec7c4da089aa174194c5fb526c94',
      public_id: 'qyzdjikgktmvlkdfl1yg',
      version: 1730043641,
      version_id: '540068908f676e0c0f9bd4b7fc7716a4',
      signature: 'd05f79ccff5033d2145fdda141d29fdc17206c68',
      width: 225,
      height: 225,
      format: 'jpg',
      resource_type: 'image',
      created_at: '2024-10-27T15:40:41Z',
      tags: [],
      bytes: 4080,
      type: 'upload',
      etag: '816d972d94f2b36633a31212c501de1d',
      placeholder: false,
      url: 'http://res.cloudinary.com/dkp3sew2y/image/upload/v1730043641/qyzdjikgktmvlkdfl1yg.jpg',
      secure_url: 'https://res.cloudinary.com/dkp3sew2y/image/upload/v1730043641/qyzdjikgktmvlkdfl1yg.jpg',
      asset_folder: '',
      display_name: 'qyzdjikgktmvlkdfl1yg',
      original_filename: '9e3c3149bfab4c2a6664e71f7973ac82',
      api_key: '995914146915358'
    }" (type Object) at path "mainPicture"
        at SchemaString.cast (C:\Users\patob\OneDrive\Documentos\GitHub\BackEnd-Vixus\node_modules\mongoose\lib\schema\string.js:606:11)
        at SchemaType.applySetters (C:\Users\patob\OneDrive\Documentos\GitHub\BackEnd-Vixus\node_modules\mongoose\lib\schemaType.js:1236:12)
        at model.$set (C:\Users\patob\OneDrive\Documentos\GitHub\BackEnd-Vixus\node_modules\mongoose\lib\document.js:1432:22)
        at model.set [as mainPicture] (C:\Users\patob\OneDrive\Documentos\GitHub\BackEnd-Vixus\node_modules\mongoose\lib\helpers\document\compile.js:205:19)
        at Object.mainProductImage (C:\Users\patob\OneDrive\Documentos\GitHub\BackEnd-Vixus\services\products.services.js:38:37)
        at process.processTicksAndRejections (node:internal/process/task_queues:95:5)
        at async setMainPicture (C:\Users\patob\OneDrive\Documentos\GitHub\BackEnd-Vixus\controllers\products.controllers.js:19:24) {
      stringValue: '"{\n' +
        "  asset_id: '8895ec7c4da089aa174194c5fb526c94',\n" +
        "  public_id: 'qyzdjikgktmvlkdfl1yg',\n" +
        '  version: 1730043641,\n' +
        "  version_id: '540068908f676e0c0f9bd4b7fc7716a4',\n" +
        "  signature: 'd05f79ccff5033d2145fdda141d29fdc17206c68',\n" +
        '  width: 225,\n' +
        '  height: 225,\n' +
        "  format: 'jpg',\n" +
        "  resource_type: 'image',\n" +
        "  created_at: '2024-10-27T15:40:41Z',\n" +
        '  tags: [],\n' +
        '  bytes: 4080,\n' +
        "  type: 'upload',\n" +
        "  etag: '816d972d94f2b36633a31212c501de1d',\n" +
        '  placeholder: false,\n' +
        "  url: 'http://res.cloudinary.com/dkp3sew2y/image/upload/v1730043641/qyzdjikgktmvlkdfl1yg.jpg',\n" +
        "  secure_url: 'https://res.cloudinary.com/dkp3sew2y/image/upload/v1730043641/qyzdjikgktmvlkdfl1yg.jpg',\n" +
        "  asset_folder: '',\n" +
        "  display_name: 'qyzdjikgktmvlkdfl1yg',\n" +
        "  original_filename: '9e3c3149bfab4c2a6664e71f7973ac82',\n" +
        "  api_key: '995914146915358'\n" +
        '}"',
      messageFormat: undefined,
      kind: 'string',
      value: [Object],
      path: 'mainPicture',
      reason: null,
      valueType: 'Object'
    }
  },
  _message: 'product validation failed'
}
[2024-10-27T12:41:22.730] [ERROR] default - TypeError: Cannot read properties of null (reading 'split')
    at Object.mainProductImage (C:\Users\patob\OneDrive\Documentos\GitHub\BackEnd-Vixus\services\products.services.js:42:42)
    at process.processTicksAndRejections (node:internal/process/task_queues:95:5)
    at async setMainPicture (C:\Users\patob\OneDrive\Documentos\GitHub\BackEnd-Vixus\controllers\products.controllers.js:19:24)
[2024-10-27T12:42:21.267] [ERROR] default - TypeError: Cannot read properties of null (reading 'split')
    at Object.mainProductImage (C:\Users\patob\OneDrive\Documentos\GitHub\BackEnd-Vixus\services\products.services.js:42:42)
    at process.processTicksAndRejections (node:internal/process/task_queues:95:5)
    at async setMainPicture (C:\Users\patob\OneDrive\Documentos\GitHub\BackEnd-Vixus\controllers\products.controllers.js:19:24)
[2024-10-27T12:46:59.925] [ERROR] default - Error: product validation failed: mainPicture: Cast to string failed for value "{
  asset_id: 'e6e9f9278ad0cde109b669c3ee2cba3a',
  public_id: 'nxj1ftuamnaid0ikndd3',
  version: 1730044019,
  version_id: 'bfd227d3a0196c6bae84206b0c709918',
  signature: 'ce86c20bbb796cf6d4bd2d4df97e91cbc7877a43',
  width: 225,
  height: 225,
  format: 'jpg',
  resource_type: 'image',
  created_at: '2024-10-27T15:46:59Z',
  tags: [],
  bytes: 4080,
  type: 'upload',
  etag: '816d972d94f2b36633a31212c501de1d',
  placeholder: false,
  url: 'http://res.cloudinary.com/dkp3sew2y/image/upload/v1730044019/nxj1ftuamnaid0ikndd3.jpg',
  secure_url: 'https://res.cloudinary.com/dkp3sew2y/image/upload/v1730044019/nxj1ftuamnaid0ikndd3.jpg',
  asset_folder: '',
  display_name: 'nxj1ftuamnaid0ikndd3',
  original_filename: 'cee4d7df50a02dfde05a50a4a1298863',
  api_key: '995914146915358'
}" (type Object) at path "mainPicture"
    at ValidationError.inspect (C:\Users\patob\OneDrive\Documentos\GitHub\BackEnd-Vixus\node_modules\mongoose\lib\error\validation.js:50:26)
    at formatValue (node:internal/util/inspect:805:19)
    at inspect (node:internal/util/inspect:364:10)
    at formatWithOptionsInternal (node:internal/util/inspect:2298:40)
    at Object.format (node:internal/util/inspect:2155:10)
    at basicLayout (C:\Users\patob\OneDrive\Documentos\GitHub\BackEnd-Vixus\node_modules\log4js\lib\layouts.js:65:52)
    at app (C:\Users\patob\OneDrive\Documentos\GitHub\BackEnd-Vixus\node_modules\log4js\lib\appenders\file.js:98:23)
    at C:\Users\patob\OneDrive\Documentos\GitHub\BackEnd-Vixus\node_modules\log4js\lib\log4js.js:43:5
    at Array.forEach (<anonymous>)
    at sendLogEventToAppender (C:\Users\patob\OneDrive\Documentos\GitHub\BackEnd-Vixus\node_modules\log4js\lib\log4js.js:42:21) {
  errors: {
    mainPicture: CastError: Cast to string failed for value "{
      asset_id: 'e6e9f9278ad0cde109b669c3ee2cba3a',
      public_id: 'nxj1ftuamnaid0ikndd3',
      version: 1730044019,
      version_id: 'bfd227d3a0196c6bae84206b0c709918',
      signature: 'ce86c20bbb796cf6d4bd2d4df97e91cbc7877a43',
      width: 225,
      height: 225,
      format: 'jpg',
      resource_type: 'image',
      created_at: '2024-10-27T15:46:59Z',
      tags: [],
      bytes: 4080,
      type: 'upload',
      etag: '816d972d94f2b36633a31212c501de1d',
      placeholder: false,
      url: 'http://res.cloudinary.com/dkp3sew2y/image/upload/v1730044019/nxj1ftuamnaid0ikndd3.jpg',
      secure_url: 'https://res.cloudinary.com/dkp3sew2y/image/upload/v1730044019/nxj1ftuamnaid0ikndd3.jpg',
      asset_folder: '',
      display_name: 'nxj1ftuamnaid0ikndd3',
      original_filename: 'cee4d7df50a02dfde05a50a4a1298863',
      api_key: '995914146915358'
    }" (type Object) at path "mainPicture"
        at SchemaString.cast (C:\Users\patob\OneDrive\Documentos\GitHub\BackEnd-Vixus\node_modules\mongoose\lib\schema\string.js:606:11)
        at SchemaType.applySetters (C:\Users\patob\OneDrive\Documentos\GitHub\BackEnd-Vixus\node_modules\mongoose\lib\schemaType.js:1236:12)
        at model.$set (C:\Users\patob\OneDrive\Documentos\GitHub\BackEnd-Vixus\node_modules\mongoose\lib\document.js:1432:22)
        at model.set [as mainPicture] (C:\Users\patob\OneDrive\Documentos\GitHub\BackEnd-Vixus\node_modules\mongoose\lib\helpers\document\compile.js:205:19)
        at Object.mainProductImage (C:\Users\patob\OneDrive\Documentos\GitHub\BackEnd-Vixus\services\products.services.js:38:37)
        at process.processTicksAndRejections (node:internal/process/task_queues:95:5)
        at async setMainPicture (C:\Users\patob\OneDrive\Documentos\GitHub\BackEnd-Vixus\controllers\products.controllers.js:19:24) {
      stringValue: '"{\n' +
        "  asset_id: 'e6e9f9278ad0cde109b669c3ee2cba3a',\n" +
        "  public_id: 'nxj1ftuamnaid0ikndd3',\n" +
        '  version: 1730044019,\n' +
        "  version_id: 'bfd227d3a0196c6bae84206b0c709918',\n" +
        "  signature: 'ce86c20bbb796cf6d4bd2d4df97e91cbc7877a43',\n" +
        '  width: 225,\n' +
        '  height: 225,\n' +
        "  format: 'jpg',\n" +
        "  resource_type: 'image',\n" +
        "  created_at: '2024-10-27T15:46:59Z',\n" +
        '  tags: [],\n' +
        '  bytes: 4080,\n' +
        "  type: 'upload',\n" +
        "  etag: '816d972d94f2b36633a31212c501de1d',\n" +
        '  placeholder: false,\n' +
        "  url: 'http://res.cloudinary.com/dkp3sew2y/image/upload/v1730044019/nxj1ftuamnaid0ikndd3.jpg',\n" +
        "  secure_url: 'https://res.cloudinary.com/dkp3sew2y/image/upload/v1730044019/nxj1ftuamnaid0ikndd3.jpg',\n" +
        "  asset_folder: '',\n" +
        "  display_name: 'nxj1ftuamnaid0ikndd3',\n" +
        "  original_filename: 'cee4d7df50a02dfde05a50a4a1298863',\n" +
        "  api_key: '995914146915358'\n" +
        '}"',
      messageFormat: undefined,
      kind: 'string',
      value: [Object],
      path: 'mainPicture',
      reason: null,
      valueType: 'Object'
    }
  },
  _message: 'product validation failed'
}
[2024-10-27T12:49:52.058] [INFO] default - ueuybp2ikmgutp25qwdy
[2024-10-28T11:25:33.575] [ERROR] default - ReferenceError: Cannot access 'image' before initialization
    at Object.newProductImage (C:\Users\patob\OneDrive\Documentos\GitHub\BackEnd-Vixus\services\products.services.js:63:64)
    at process.processTicksAndRejections (node:internal/process/task_queues:95:5)
    at async addProductImage (C:\Users\patob\OneDrive\Documentos\GitHub\BackEnd-Vixus\controllers\products.controllers.js:34:24)
[2024-10-28T12:13:34.506] [ERROR] default - ReferenceError: product is not defined
    at Object.deleteImageFromProduct (C:\Users\patob\OneDrive\Documentos\GitHub\BackEnd-Vixus\services\products.services.js:257:29)
    at delProductImage (C:\Users\patob\OneDrive\Documentos\GitHub\BackEnd-Vixus\controllers\products.controllers.js:179:46)
    at Layer.handle [as handle_request] (C:\Users\patob\OneDrive\Documentos\GitHub\BackEnd-Vixus\node_modules\express\lib\router\layer.js:95:5)
    at next (C:\Users\patob\OneDrive\Documentos\GitHub\BackEnd-Vixus\node_modules\express\lib\router\route.js:149:13)
    at Route.dispatch (C:\Users\patob\OneDrive\Documentos\GitHub\BackEnd-Vixus\node_modules\express\lib\router\route.js:119:3)
    at Layer.handle [as handle_request] (C:\Users\patob\OneDrive\Documentos\GitHub\BackEnd-Vixus\node_modules\express\lib\router\layer.js:95:5)
    at C:\Users\patob\OneDrive\Documentos\GitHub\BackEnd-Vixus\node_modules\express\lib\router\index.js:284:15
    at param (C:\Users\patob\OneDrive\Documentos\GitHub\BackEnd-Vixus\node_modules\express\lib\router\index.js:365:14)
    at param (C:\Users\patob\OneDrive\Documentos\GitHub\BackEnd-Vixus\node_modules\express\lib\router\index.js:376:14)
    at param (C:\Users\patob\OneDrive\Documentos\GitHub\BackEnd-Vixus\node_modules\express\lib\router\index.js:376:14)
[2024-10-28T12:14:34.317] [INFO] default - 0
[2024-10-28T12:14:50.482] [INFO] default - -1
[2024-10-28T12:40:28.019] [INFO] default - https://res.cloudinary.com/dkp3sew2y/image/upload/v1730129945/alkdqa2otq5hgqole7ka.jpg
[2024-10-28T20:58:02.126] [INFO] default - [ Promise { <pending> }, Promise { <pending> } ]
[2024-10-28T21:02:51.118] [INFO] default - [
  {
    title: 'Pantalon corte chino',
    quantity: 2,
    unit_price: 72000,
    currency_id: 'ARS'
  },
  {
    title: 'Chomba lisa',
    quantity: 2,
    unit_price: 48000,
    currency_id: 'ARS'
  }
]
[2024-10-29T09:59:13.784] [INFO] default - [
  {
    title: 'Pantalon corte chino',
    quantity: 2,
    unit_price: 72000,
    currency_id: 'ARS'
  },
  {
    title: 'Chomba lisa',
    quantity: 2,
    unit_price: 48000,
    currency_id: 'ARS'
  }
]
[2024-10-29T11:59:15.959] [ERROR] default - ReferenceError: OrdenModel is not defined
    at Object.payWithMP (C:\Users\patob\OneDrive\Documentos\GitHub\BackEnd-Vixus\services\products.services.js:228:23)
    at process.processTicksAndRejections (node:internal/process/task_queues:95:5)
    at async mpPayment (C:\Users\patob\OneDrive\Documentos\GitHub\BackEnd-Vixus\controllers\products.controllers.js:118:24)
[2024-10-29T12:02:11.109] [ERROR] default - Error: order validation failed: paymentLink: Path `paymentLink` is required.
    at ValidationError.inspect (C:\Users\patob\OneDrive\Documentos\GitHub\BackEnd-Vixus\node_modules\mongoose\lib\error\validation.js:50:26)
    at formatValue (node:internal/util/inspect:805:19)
    at inspect (node:internal/util/inspect:364:10)
    at formatWithOptionsInternal (node:internal/util/inspect:2298:40)
    at Object.format (node:internal/util/inspect:2155:10)
    at basicLayout (C:\Users\patob\OneDrive\Documentos\GitHub\BackEnd-Vixus\node_modules\log4js\lib\layouts.js:65:52)
    at app (C:\Users\patob\OneDrive\Documentos\GitHub\BackEnd-Vixus\node_modules\log4js\lib\appenders\file.js:98:23)
    at C:\Users\patob\OneDrive\Documentos\GitHub\BackEnd-Vixus\node_modules\log4js\lib\log4js.js:43:5
    at Array.forEach (<anonymous>)
    at sendLogEventToAppender (C:\Users\patob\OneDrive\Documentos\GitHub\BackEnd-Vixus\node_modules\log4js\lib\log4js.js:42:21) {
  errors: {
    paymentLink: ValidatorError: Path `paymentLink` is required.
        at validate (C:\Users\patob\OneDrive\Documentos\GitHub\BackEnd-Vixus\node_modules\mongoose\lib\schemaType.js:1385:13)
        at SchemaType.doValidate (C:\Users\patob\OneDrive\Documentos\GitHub\BackEnd-Vixus\node_modules\mongoose\lib\schemaType.js:1369:7)
        at C:\Users\patob\OneDrive\Documentos\GitHub\BackEnd-Vixus\node_modules\mongoose\lib\document.js:3065:18
        at process.processTicksAndRejections (node:internal/process/task_queues:77:11) {
      properties: [Object],
      kind: 'required',
      path: 'paymentLink',
      value: undefined,
      reason: undefined,
      [Symbol(mongoose#validatorError)]: true
    }
  },
  _message: 'order validation failed'
}
[2024-10-29T12:05:37.315] [INFO] default - {
  _id: new ObjectId('671128c00722e76114071e06'),
  userId: '671128c00722e76114071e05',
  products: [
    {
      quantity: 2,
      idProduct: new ObjectId('671271cfb6cccd9eb8533a5e')
    },
    {
      quantity: 2,
      idProduct: new ObjectId('67127184b6cccd9eb8533a53')
    }
  ],
  __v: 5
}
[2024-10-29T12:07:00.219] [INFO] default - {
  _id: new ObjectId('671128c00722e76114071e06'),
  userId: '671128c00722e76114071e05',
  products: [
    {
      quantity: 2,
      idProduct: new ObjectId('671271cfb6cccd9eb8533a5e')
    },
    {
      quantity: 2,
      idProduct: new ObjectId('67127184b6cccd9eb8533a53')
    }
  ],
  __v: 5
}
[2024-10-29T12:08:18.467] [INFO] default - {
  userId: '671128c00722e76114071e05',
  date: 'Tue Oct 29 2024 12:08:18 GMT-0300 (hora estándar de Argentina)',
  paymentStatus: 'pending',
  products: [
    {
      quantity: 2,
      idProduct: new ObjectId('671271cfb6cccd9eb8533a5e')
    },
    {
      quantity: 2,
      idProduct: new ObjectId('67127184b6cccd9eb8533a53')
    }
  ],
  _id: new ObjectId('6720fa62f5cd75e6e6cecc3b')
}
[2024-10-29T12:08:18.480] [INFO] default - []
[2024-10-29T12:09:25.946] [ERROR] default - Error: order validation failed: paymentLink: Path `paymentLink` is required.
    at ValidationError.inspect (C:\Users\patob\OneDrive\Documentos\GitHub\BackEnd-Vixus\node_modules\mongoose\lib\error\validation.js:50:26)
    at formatValue (node:internal/util/inspect:805:19)
    at inspect (node:internal/util/inspect:364:10)
    at formatWithOptionsInternal (node:internal/util/inspect:2298:40)
    at Object.format (node:internal/util/inspect:2155:10)
    at basicLayout (C:\Users\patob\OneDrive\Documentos\GitHub\BackEnd-Vixus\node_modules\log4js\lib\layouts.js:65:52)
    at app (C:\Users\patob\OneDrive\Documentos\GitHub\BackEnd-Vixus\node_modules\log4js\lib\appenders\file.js:98:23)
    at C:\Users\patob\OneDrive\Documentos\GitHub\BackEnd-Vixus\node_modules\log4js\lib\log4js.js:43:5
    at Array.forEach (<anonymous>)
    at sendLogEventToAppender (C:\Users\patob\OneDrive\Documentos\GitHub\BackEnd-Vixus\node_modules\log4js\lib\log4js.js:42:21) {
  errors: {
    paymentLink: ValidatorError: Path `paymentLink` is required.
        at validate (C:\Users\patob\OneDrive\Documentos\GitHub\BackEnd-Vixus\node_modules\mongoose\lib\schemaType.js:1385:13)
        at SchemaType.doValidate (C:\Users\patob\OneDrive\Documentos\GitHub\BackEnd-Vixus\node_modules\mongoose\lib\schemaType.js:1369:7)
        at C:\Users\patob\OneDrive\Documentos\GitHub\BackEnd-Vixus\node_modules\mongoose\lib\document.js:3065:18
        at process.processTicksAndRejections (node:internal/process/task_queues:77:11) {
      properties: [Object],
      kind: 'required',
      path: 'paymentLink',
      value: undefined,
      reason: undefined,
      [Symbol(mongoose#validatorError)]: true
    }
  },
  _message: 'order validation failed'
}
[2024-10-29T12:13:28.724] [ERROR] default - MongoServerError: E11000 duplicate key error collection: test.orders index: userId_1 dup key: { userId: "671128c00722e76114071e05" }
    at InsertOneOperation.execute (C:\Users\patob\OneDrive\Documentos\GitHub\BackEnd-Vixus\node_modules\mongodb\lib\operations\insert.js:51:19)
    at process.processTicksAndRejections (node:internal/process/task_queues:95:5)
    at async executeOperation (C:\Users\patob\OneDrive\Documentos\GitHub\BackEnd-Vixus\node_modules\mongodb\lib\operations\execute_operation.js:136:16)
    at async Collection.insertOne (C:\Users\patob\OneDrive\Documentos\GitHub\BackEnd-Vixus\node_modules\mongodb\lib\collection.js:154:16) {
  errorResponse: {
    index: 0,
    code: 11000,
    errmsg: 'E11000 duplicate key error collection: test.orders index: userId_1 dup key: { userId: "671128c00722e76114071e05" }',
    keyPattern: { userId: 1 },
    keyValue: { userId: '671128c00722e76114071e05' }
  },
  index: 0,
  code: 11000,
  keyPattern: { userId: 1 },
  keyValue: { userId: '671128c00722e76114071e05' },
  [Symbol(errorLabels)]: Set(0) {}
}
[2024-10-29T20:14:13.669] [INFO] default - null
[2024-10-29T20:20:12.689] [ERROR] default - MongoServerError: E11000 duplicate key error collection: test.orders index: userId_1 dup key: { userId: "671128c00722e76114071e05" }
    at InsertOneOperation.execute (C:\Users\patob\OneDrive\Documentos\GitHub\BackEnd-Vixus\node_modules\mongodb\lib\operations\insert.js:51:19)
    at process.processTicksAndRejections (node:internal/process/task_queues:95:5)
    at async executeOperation (C:\Users\patob\OneDrive\Documentos\GitHub\BackEnd-Vixus\node_modules\mongodb\lib\operations\execute_operation.js:136:16)
    at async Collection.insertOne (C:\Users\patob\OneDrive\Documentos\GitHub\BackEnd-Vixus\node_modules\mongodb\lib\collection.js:154:16) {
  errorResponse: {
    index: 0,
    code: 11000,
    errmsg: 'E11000 duplicate key error collection: test.orders index: userId_1 dup key: { userId: "671128c00722e76114071e05" }',
    keyPattern: { userId: 1 },
    keyValue: { userId: '671128c00722e76114071e05' }
  },
  index: 0,
  code: 11000,
  keyPattern: { userId: 1 },
  keyValue: { userId: '671128c00722e76114071e05' },
  [Symbol(errorLabels)]: Set(0) {}
}
[2024-10-29T20:23:35.580] [ERROR] default - MongoServerError: E11000 duplicate key error collection: test.orders index: userId_1 dup key: { userId: "671128c00722e76114071e05" }
    at InsertOneOperation.execute (C:\Users\patob\OneDrive\Documentos\GitHub\BackEnd-Vixus\node_modules\mongodb\lib\operations\insert.js:51:19)
    at process.processTicksAndRejections (node:internal/process/task_queues:95:5)
    at async executeOperation (C:\Users\patob\OneDrive\Documentos\GitHub\BackEnd-Vixus\node_modules\mongodb\lib\operations\execute_operation.js:136:16)
    at async Collection.insertOne (C:\Users\patob\OneDrive\Documentos\GitHub\BackEnd-Vixus\node_modules\mongodb\lib\collection.js:154:16) {
  errorResponse: {
    index: 0,
    code: 11000,
    errmsg: 'E11000 duplicate key error collection: test.orders index: userId_1 dup key: { userId: "671128c00722e76114071e05" }',
    keyPattern: { userId: 1 },
    keyValue: { userId: '671128c00722e76114071e05' }
  },
  index: 0,
  code: 11000,
  keyPattern: { userId: 1 },
  keyValue: { userId: '671128c00722e76114071e05' },
  [Symbol(errorLabels)]: Set(0) {}
}
[2024-10-29T20:27:07.722] [INFO] default - 0
[2024-10-31T12:06:18.836] [ERROR] default - Error: user validation failed: fullName: Path `fullName` is required.
    at ValidationError.inspect (C:\Users\patob\OneDrive\Documentos\GitHub\BackEnd-Vixus\node_modules\mongoose\lib\error\validation.js:50:26)
    at formatValue (node:internal/util/inspect:805:19)
    at inspect (node:internal/util/inspect:364:10)
    at formatWithOptionsInternal (node:internal/util/inspect:2298:40)
    at Object.format (node:internal/util/inspect:2155:10)
    at basicLayout (C:\Users\patob\OneDrive\Documentos\GitHub\BackEnd-Vixus\node_modules\log4js\lib\layouts.js:65:52)
    at app (C:\Users\patob\OneDrive\Documentos\GitHub\BackEnd-Vixus\node_modules\log4js\lib\appenders\file.js:98:23)
    at C:\Users\patob\OneDrive\Documentos\GitHub\BackEnd-Vixus\node_modules\log4js\lib\log4js.js:43:5
    at Array.forEach (<anonymous>)
    at sendLogEventToAppender (C:\Users\patob\OneDrive\Documentos\GitHub\BackEnd-Vixus\node_modules\log4js\lib\log4js.js:42:21) {
  errors: {
    fullName: ValidatorError: Path `fullName` is required.
        at validate (C:\Users\patob\OneDrive\Documentos\GitHub\BackEnd-Vixus\node_modules\mongoose\lib\schemaType.js:1385:13)
        at SchemaType.doValidate (C:\Users\patob\OneDrive\Documentos\GitHub\BackEnd-Vixus\node_modules\mongoose\lib\schemaType.js:1369:7)
        at C:\Users\patob\OneDrive\Documentos\GitHub\BackEnd-Vixus\node_modules\mongoose\lib\document.js:3065:18
        at process.processTicksAndRejections (node:internal/process/task_queues:77:11) {
      properties: [Object],
      kind: 'required',
      path: 'fullName',
      value: undefined,
      reason: undefined,
      [Symbol(mongoose#validatorError)]: true
    }
  },
  _message: 'user validation failed'
}
[2024-10-31T12:07:32.825] [ERROR] default - Error: user validation failed: fullName: Path `fullName` is required.
    at ValidationError.inspect (C:\Users\patob\OneDrive\Documentos\GitHub\BackEnd-Vixus\node_modules\mongoose\lib\error\validation.js:50:26)
    at formatValue (node:internal/util/inspect:805:19)
    at inspect (node:internal/util/inspect:364:10)
    at formatWithOptionsInternal (node:internal/util/inspect:2298:40)
    at Object.format (node:internal/util/inspect:2155:10)
    at basicLayout (C:\Users\patob\OneDrive\Documentos\GitHub\BackEnd-Vixus\node_modules\log4js\lib\layouts.js:65:52)
    at app (C:\Users\patob\OneDrive\Documentos\GitHub\BackEnd-Vixus\node_modules\log4js\lib\appenders\file.js:98:23)
    at C:\Users\patob\OneDrive\Documentos\GitHub\BackEnd-Vixus\node_modules\log4js\lib\log4js.js:43:5
    at Array.forEach (<anonymous>)
    at sendLogEventToAppender (C:\Users\patob\OneDrive\Documentos\GitHub\BackEnd-Vixus\node_modules\log4js\lib\log4js.js:42:21) {
  errors: {
    fullName: ValidatorError: Path `fullName` is required.
        at validate (C:\Users\patob\OneDrive\Documentos\GitHub\BackEnd-Vixus\node_modules\mongoose\lib\schemaType.js:1385:13)
        at SchemaType.doValidate (C:\Users\patob\OneDrive\Documentos\GitHub\BackEnd-Vixus\node_modules\mongoose\lib\schemaType.js:1369:7)
        at C:\Users\patob\OneDrive\Documentos\GitHub\BackEnd-Vixus\node_modules\mongoose\lib\document.js:3065:18
        at process.processTicksAndRejections (node:internal/process/task_queues:77:11) {
      properties: [Object],
      kind: 'required',
      path: 'fullName',
      value: undefined,
      reason: undefined,
      [Symbol(mongoose#validatorError)]: true
    }
  },
  _message: 'user validation failed'
}
[2024-10-31T12:10:26.866] [ERROR] default - Error: user validation failed: fullName: Path `fullName` is required.
    at ValidationError.inspect (C:\Users\patob\OneDrive\Documentos\GitHub\BackEnd-Vixus\node_modules\mongoose\lib\error\validation.js:50:26)
    at formatValue (node:internal/util/inspect:805:19)
    at inspect (node:internal/util/inspect:364:10)
    at formatWithOptionsInternal (node:internal/util/inspect:2298:40)
    at Object.format (node:internal/util/inspect:2155:10)
    at basicLayout (C:\Users\patob\OneDrive\Documentos\GitHub\BackEnd-Vixus\node_modules\log4js\lib\layouts.js:65:52)
    at app (C:\Users\patob\OneDrive\Documentos\GitHub\BackEnd-Vixus\node_modules\log4js\lib\appenders\file.js:98:23)
    at C:\Users\patob\OneDrive\Documentos\GitHub\BackEnd-Vixus\node_modules\log4js\lib\log4js.js:43:5
    at Array.forEach (<anonymous>)
    at sendLogEventToAppender (C:\Users\patob\OneDrive\Documentos\GitHub\BackEnd-Vixus\node_modules\log4js\lib\log4js.js:42:21) {
  errors: {
    fullName: ValidatorError: Path `fullName` is required.
        at validate (C:\Users\patob\OneDrive\Documentos\GitHub\BackEnd-Vixus\node_modules\mongoose\lib\schemaType.js:1385:13)
        at SchemaType.doValidate (C:\Users\patob\OneDrive\Documentos\GitHub\BackEnd-Vixus\node_modules\mongoose\lib\schemaType.js:1369:7)
        at C:\Users\patob\OneDrive\Documentos\GitHub\BackEnd-Vixus\node_modules\mongoose\lib\document.js:3065:18
        at process.processTicksAndRejections (node:internal/process/task_queues:77:11) {
      properties: [Object],
      kind: 'required',
      path: 'fullName',
      value: undefined,
      reason: undefined,
      [Symbol(mongoose#validatorError)]: true
    }
  },
  _message: 'user validation failed'
}
[2024-10-31T12:10:30.511] [ERROR] default - Error: user validation failed: fullName: Path `fullName` is required.
    at ValidationError.inspect (C:\Users\patob\OneDrive\Documentos\GitHub\BackEnd-Vixus\node_modules\mongoose\lib\error\validation.js:50:26)
    at formatValue (node:internal/util/inspect:805:19)
    at inspect (node:internal/util/inspect:364:10)
    at formatWithOptionsInternal (node:internal/util/inspect:2298:40)
    at Object.format (node:internal/util/inspect:2155:10)
    at basicLayout (C:\Users\patob\OneDrive\Documentos\GitHub\BackEnd-Vixus\node_modules\log4js\lib\layouts.js:65:52)
    at app (C:\Users\patob\OneDrive\Documentos\GitHub\BackEnd-Vixus\node_modules\log4js\lib\appenders\file.js:98:23)
    at C:\Users\patob\OneDrive\Documentos\GitHub\BackEnd-Vixus\node_modules\log4js\lib\log4js.js:43:5
    at Array.forEach (<anonymous>)
    at sendLogEventToAppender (C:\Users\patob\OneDrive\Documentos\GitHub\BackEnd-Vixus\node_modules\log4js\lib\log4js.js:42:21) {
  errors: {
    fullName: ValidatorError: Path `fullName` is required.
        at validate (C:\Users\patob\OneDrive\Documentos\GitHub\BackEnd-Vixus\node_modules\mongoose\lib\schemaType.js:1385:13)
        at SchemaType.doValidate (C:\Users\patob\OneDrive\Documentos\GitHub\BackEnd-Vixus\node_modules\mongoose\lib\schemaType.js:1369:7)
        at C:\Users\patob\OneDrive\Documentos\GitHub\BackEnd-Vixus\node_modules\mongoose\lib\document.js:3065:18
        at process.processTicksAndRejections (node:internal/process/task_queues:77:11) {
      properties: [Object],
      kind: 'required',
      path: 'fullName',
      value: undefined,
      reason: undefined,
      [Symbol(mongoose#validatorError)]: true
    }
  },
  _message: 'user validation failed'
}
[2024-11-01T19:07:11.223] [INFO] default - []
[2024-11-01T19:07:48.812] [INFO] default - null
[2024-11-01T19:12:47.347] [INFO] default - undefined
[2024-11-01T19:13:11.049] [INFO] default - {
  fieldname: 'image',
  originalname: 'Remera lisa.jpeg',
  encoding: '7bit',
  mimetype: 'image/jpeg',
  destination: 'C:\\Users\\patob\\AppData\\Local\\Temp',
  filename: '5ca5555eb9198193593e5c43e25bdd4f',
  path: 'C:\\Users\\patob\\AppData\\Local\\Temp\\5ca5555eb9198193593e5c43e25bdd4f',
  size: 4080
}
